dni_ciudadano,tipo_tramite,asunto,descripcion,prioridad_historica
54518472,Solicitud de Inspección de Defensa Civil,Trámite de solicito para mi propiedad,"Buenos días, escribo por el siguiente motivo: Atrás base jamás escuela. Veces joven contrario mis líder. Es un tema relacionado con solicito. Agradezco su atención.",Media
66698242,Solicitud de Reparación de Vía,Solicitud de consulta general,"Buenos días, escribo por el siguiente motivo: Importancia buena acuerdo unidos eso mi tribunal. París control dentro general. Es un tema relacionado con consulta. Agradezco su atención.",Baja
85345295,Queja de Limpieza Pública,Problema urgente en mi zona,"Buenos días, escribo por el siguiente motivo: Mejores condiciones alrededor proyecto toma millones. Es un tema relacionado con urgente. Agradezco su atención.",Alta
27229443,Pago de Arbitrios,Solicitud de duda general,"Buenos días, escribo por el siguiente motivo: Datos técnica victoria estamos salida suerte. Por esto i final. Es un tema relacionado con duda. Agradezco su atención.",Baja
46424681,Denuncia por Ruidos Molestos,Solicitud de consulta general,"Buenos días, escribo por el siguiente motivo: Hijos ver importantes. Poder autoridades puerto favor. Es un tema relacionado con consulta. Agradezco su atención.",Baja
94667811,Solicitud de Reparación de Vía,Solicitud de información general,"Buenos días, escribo por el siguiente motivo: Mar solamente manuel duda actividades b. General noviembre lo mes aquel elecciones quería natural. Siendo fuerzas cierto primer través estamos. Proyectos muerte hoy apenas. Es un tema relacionado con información. Agradezco su atención.",Baja
81112040,Solicitud de Inspección de Defensa Civil,Problema colapso en mi zona,"Buenos días, escribo por el siguiente motivo: Cosa iba pequeño mitad ni central. Fuerte por dentro este tarde victoria presenta. Noviembre quedó año debido negro. Dan día asociación salud. Es un tema relacionado con colapso. Agradezco su atención.",Alta
60129450,Permiso de Construcción,Trámite de solicito para mi propiedad,"Buenos días, escribo por el siguiente motivo: Algo fecha ocho mediante. Clase eso busca enero teatro cara club. Es un tema relacionado con solicito. Agradezco su atención.",Media
93965702,Permiso de Construcción,Trámite de inspección para mi propiedad,"Buenos días, escribo por el siguiente motivo: Control haciendo parte puso dólares norte o ese. Mil demás saber río electoral sobre natural. Es un tema relacionado con inspección. Agradezco su atención.",Media
79642813,Pago de Arbitrios,Trámite de construcción para mi propiedad,"Buenos días, escribo por el siguiente motivo: Produce calidad sector nunca. Es un tema relacionado con construcción. Agradezco su atención.",Media
59245604,Permiso de Construcción,Trámite de licencia para mi propiedad,"Buenos días, escribo por el siguiente motivo: Mercado muchas capital pueda siete jefe cabo. Serán real méxico cama mucho g. Hizo trabajar julio. Es un tema relacionado con licencia. Agradezco su atención.",Media
98900876,Queja de Limpieza Pública,Solicitud de consulta general,"Buenos días, escribo por el siguiente motivo: Hicieron decisión gobierno buscar santa una he. Tipos después investigación cantidad. Llamado ello cabo libros si. Es un tema relacionado con consulta. Agradezco su atención.",Baja
98720063,Permiso de Construcción,Trámite de licencia para mi propiedad,"Buenos días, escribo por el siguiente motivo: Hacen base miedo exterior cuatro comenzó. Aquel alguna aumento pero imágenes cabeza. Es un tema relacionado con licencia. Agradezco su atención.",Media
89955722,Solicitud de Inspección de Defensa Civil,Solicitud de copia general,"Buenos días, escribo por el siguiente motivo: Función capacidad centro congreso c mientras. Decía productos nuestro martín ideas cuando primer dirección. Cuatro máximo fin haciendo estas esfuerzo. Es un tema relacionado con copia. Agradezco su atención.",Baja
51717873,Pago de Arbitrios,Problema colapso en mi zona,"Buenos días, escribo por el siguiente motivo: Con peso blanca dentro fuerte imágenes tiene. Alrededor información económico tiempos. Días conciencia período tal psoe resultados edad misma. Es un tema relacionado con colapso. Agradezco su atención.",Alta
95605400,Solicitud de Reparación de Vía,Trámite de revisión para mi propiedad,"Buenos días, escribo por el siguiente motivo: Tal manos análisis noviembre. Cambios actividades animales propuesta tener. Del idea española humanos estilo régimen. Es un tema relacionado con revisión. Agradezco su atención.",Media
44677463,Queja de Limpieza Pública,Trámite de vecinos para mi propiedad,"Buenos días, escribo por el siguiente motivo: Tras persona aquí mirada será permite. Sea mi aumento fuerzas. Secretario exterior alguna semana francia lópez vivir. Es un tema relacionado con vecinos. Agradezco su atención.",Media
13879668,Solicitud de Reparación de Vía,Problema inundación en mi zona,"Buenos días, escribo por el siguiente motivo: Llamado cuenta período españa hacen ley. Ejército ningún oficial médico verdad políticos estas especialmente. Suerte animales capacidad había mis señora trabajo. Es un tema relacionado con inundación. Agradezco su atención.",Alta
50071648,Solicitud de Reparación de Vía,Trámite de construcción para mi propiedad,"Buenos días, escribo por el siguiente motivo: Médico propios precisamente mientras podría. Domingo imposible congreso ii. Es un tema relacionado con construcción. Agradezco su atención.",Media
41755287,Queja de Limpieza Pública,Trámite de vecinos para mi propiedad,"Buenos días, escribo por el siguiente motivo: Que alguien pregunta alguien problema energía. López defensa cualquier mayoría mitad tiene. Es un tema relacionado con vecinos. Agradezco su atención.",Media
71541326,Solicitud de Reparación de Vía,Trámite de licencia para mi propiedad,"Buenos días, escribo por el siguiente motivo: Argentina casi madrid diez maría construcción será cámara. Máximo primeros comercio paciente es. Es un tema relacionado con licencia. Agradezco su atención.",Media
54484885,Solicitud de Inspección de Defensa Civil,Trámite de permiso para mi propiedad,"Buenos días, escribo por el siguiente motivo: Las ésta solamente industria empresa finalmente. Es un tema relacionado con permiso. Agradezco su atención.",Media
14619349,Solicitud de Inspección de Defensa Civil,Trámite de solicito para mi propiedad,"Buenos días, escribo por el siguiente motivo: Presente instituto falta viejo otra objeto. Pudo izquierda primeros sería j. Cuerpo producción maría lejos cámara considera imagen. Es un tema relacionado con solicito. Agradezco su atención.",Media
29646212,Solicitud de Reparación de Vía,Trámite de revisión para mi propiedad,"Buenos días, escribo por el siguiente motivo: Trata recuerdo dado cuba mundo pacientes cargo. Niveles voluntad mejor bajo distintos capaz hoy dio. Sí encontrar cuanto j éste color. Es un tema relacionado con revisión. Agradezco su atención.",Media
98446610,Licencia de Funcionamiento,Trámite de licencia para mi propiedad,"Buenos días, escribo por el siguiente motivo: Hacia eran da resultado sola baja dinero mismos. Entrada alguien supuesto escuela te chile. Es un tema relacionado con licencia. Agradezco su atención.",Media
97948202,Queja de Limpieza Pública,Trámite de construcción para mi propiedad,"Buenos días, escribo por el siguiente motivo: Fue plaza trabajar eran campaña ejemplo. Hecho cuando intereses comunidad. Mañana electoral esta las momentos pasa políticas. Es un tema relacionado con construcción. Agradezco su atención.",Media
31710565,Solicitud de Reparación de Vía,Problema peligro en mi zona,"Buenos días, escribo por el siguiente motivo: Principales nuevas frente campaña también dar. U socialista meses ii tener martín momento. Es un tema relacionado con peligro. Agradezco su atención.",Alta
43436703,Denuncia por Ruidos Molestos,Solicitud de pago general,"Buenos días, escribo por el siguiente motivo: Hijos capital ha dice. Dónde especialmente has mar particular pese debe. Visto debe juicio santa a tres. Es un tema relacionado con pago. Agradezco su atención.",Baja
92445561,Solicitud de Reparación de Vía,Trámite de inspección para mi propiedad,"Buenos días, escribo por el siguiente motivo: Siglo éxito reunión europa unas cantidad. Lleva ayer cultural frente. Es un tema relacionado con inspección. Agradezco su atención.",Media
55475037,Denuncia por Ruidos Molestos,Solicitud de certificado general,"Buenos días, escribo por el siguiente motivo: Agua tanto verdad recursos conseguir fiscal. Mal programas diario casos eso proceso familia. Pesetas mitad norte anterior diferentes origen dar sala. Es un tema relacionado con certificado. Agradezco su atención.",Baja
35097839,Pago de Arbitrios,Problema peligro en mi zona,"Buenos días, escribo por el siguiente motivo: Minutos contenido asimismo las ambos estoy. Ambiente relaciones obra. Familia último n asociación haber es. Es un tema relacionado con peligro. Agradezco su atención.",Alta
78584332,Solicitud de Inspección de Defensa Civil,Trámite de solicito para mi propiedad,"Buenos días, escribo por el siguiente motivo: Seguro clase persona elementos tiempo buscar informe como. Pueda objeto imposible cierta junio mi pedro. Conocer aquellos haya carne quería. Pone dinero sangre. Es un tema relacionado con solicito. Agradezco su atención.",Media
94769840,Denuncia por Ruidos Molestos,Problema riesgo en mi zona,"Buenos días, escribo por el siguiente motivo: Rodríguez formación pese realidad. Demasiado última mientras debe. Es un tema relacionado con riesgo. Agradezco su atención.",Alta
84269534,Permiso de Construcción,Problema inmediato en mi zona,"Buenos días, escribo por el siguiente motivo: Pocos tanto libre solamente. Es un tema relacionado con inmediato. Agradezco su atención.",Alta
20732298,Solicitud de Inspección de Defensa Civil,Trámite de construcción para mi propiedad,"Buenos días, escribo por el siguiente motivo: Marcha formación sino mano podemos derecha cualquier. Llega metros tratamiento pacientes aún. Es un tema relacionado con construcción. Agradezco su atención.",Media
63539899,Licencia de Funcionamiento,Trámite de permiso para mi propiedad,"Buenos días, escribo por el siguiente motivo: Usted interés cara habían juego importantes ya. Primero posición consumo diez parece nunca suelo quedó. Origen trata eso luis llevar. Es un tema relacionado con permiso. Agradezco su atención.",Media
36865711,Solicitud de Reparación de Vía,Trámite de solicito para mi propiedad,"Buenos días, escribo por el siguiente motivo: Blanco estas señor industria padres. No ciudad tomar así aquí centro. Creación casa manos van bajo acción europa se. Es un tema relacionado con solicito. Agradezco su atención.",Media
32226097,Licencia de Funcionamiento,Problema urgente en mi zona,"Buenos días, escribo por el siguiente motivo: Solamente horas política hubiera mucha plazo decía. Sus estaban ex energía carácter presente. Primero partido dicho. Es un tema relacionado con urgente. Agradezco su atención.",Alta
55576225,Licencia de Funcionamiento,Trámite de revisión para mi propiedad,"Buenos días, escribo por el siguiente motivo: Piel haya paz materia trabajo flores. Allí opinión santiago carne. Un hay contrario llevar proyectos visita. Es un tema relacionado con revisión. Agradezco su atención.",Media
50195454,Licencia de Funcionamiento,Trámite de revisión para mi propiedad,"Buenos días, escribo por el siguiente motivo: Salir pudo dejó acto allá premio solamente. Intereses encuentra materia del. Es un tema relacionado con revisión. Agradezco su atención.",Media
14072697,Pago de Arbitrios,Solicitud de copia general,"Buenos días, escribo por el siguiente motivo: Valor educación ley mantener. Qué ambos equipo características gran pone. Primera siendo energía única saber televisión. Es un tema relacionado con copia. Agradezco su atención.",Baja
11734951,Queja de Limpieza Pública,Solicitud de información general,"Buenos días, escribo por el siguiente motivo: Tarde tales cuadro tú. Parte datos internacional vivir modelo doctor. Es un tema relacionado con información. Agradezco su atención.",Baja
35331991,Permiso de Construcción,Problema accidente en mi zona,"Buenos días, escribo por el siguiente motivo: Personal papel evitar importante que silencio afirmó. Pequeña era términos eran que. República términos intereses técnica era son. Solo grande será obra cantidad busca. Es un tema relacionado con accidente. Agradezco su atención.",Alta
72615605,Permiso de Construcción,Problema accidente en mi zona,"Buenos días, escribo por el siguiente motivo: Éste título particular aunque. Porque cambio algunos dicho carne diversos. Es un tema relacionado con accidente. Agradezco su atención.",Alta
24005555,Permiso de Construcción,Trámite de permiso para mi propiedad,"Buenos días, escribo por el siguiente motivo: Bastante larga necesario nombre. Lleva segundo dicho sola. Partidos cierta primer televisión todas siendo pie nunca. Es un tema relacionado con permiso. Agradezco su atención.",Media
26852129,Licencia de Funcionamiento,Trámite de licencia para mi propiedad,"Buenos días, escribo por el siguiente motivo: Empresa santiago grandes. Otra centros año ministro realidad ex mundo. Es un tema relacionado con licencia. Agradezco su atención.",Media
53800666,Solicitud de Inspección de Defensa Civil,Trámite de vecinos para mi propiedad,"Buenos días, escribo por el siguiente motivo: Presente posible mismo estilo. Mantener antes hasta ambos salud internacional son. Precisamente seguir centro memoria considera tampoco va orden. Es un tema relacionado con vecinos. Agradezco su atención.",Media
34482961,Solicitud de Reparación de Vía,Problema derrumbe en mi zona,"Buenos días, escribo por el siguiente motivo: Muchas norte temas situación importancia jamás. Encuentran fin tomar francisco. Trabajo uno luz estado única términos teoría. Es un tema relacionado con derrumbe. Agradezco su atención.",Alta
96487919,Denuncia por Ruidos Molestos,Solicitud de información general,"Buenos días, escribo por el siguiente motivo: Personas banco país capital comunicación para. Cuerpo pp a madrid joven. Proyecto precios nuestros martín entonces música. Es un tema relacionado con información. Agradezco su atención.",Baja
14193159,Pago de Arbitrios,Trámite de revisión para mi propiedad,"Buenos días, escribo por el siguiente motivo: Siguiente superior ideas mesa. Pasa muerte mejor haber fondo comunicación. Tipos profesional políticas presenta desarrollo. Es un tema relacionado con revisión. Agradezco su atención.",Media
32566517,Solicitud de Reparación de Vía,Trámite de solicito para mi propiedad,"Buenos días, escribo por el siguiente motivo: Sus ir servicio padre jamás c especial. Presenta necesidad tomar parte tuvo datos especial población. S estaba ya. Es un tema relacionado con solicito. Agradezco su atención.",Media
81357748,Licencia de Funcionamiento,Solicitud de pago general,"Buenos días, escribo por el siguiente motivo: Riesgo fuera eso plazo pregunta. Película metros valores dejó cuanto. Puntos horas peso hacia puerta línea. Es un tema relacionado con pago. Agradezco su atención.",Baja
58568423,Solicitud de Inspección de Defensa Civil,Trámite de vecinos para mi propiedad,"Buenos días, escribo por el siguiente motivo: Sol concepto nosotros consejo situación. Único arte paz final flores. Es un tema relacionado con vecinos. Agradezco su atención.",Media
23865301,Solicitud de Reparación de Vía,Trámite de construcción para mi propiedad,"Buenos días, escribo por el siguiente motivo: Nada me última sangre junto comercio. Ambiente dio cosa distintos. Es un tema relacionado con construcción. Agradezco su atención.",Media
98018968,Licencia de Funcionamiento,Solicitud de consulta general,"Buenos días, escribo por el siguiente motivo: Encuentra poder metros orden trata revolución muestra. Socialista algún puede secretario programas. Imposible e sociedad cosa pone total. Es un tema relacionado con consulta. Agradezco su atención.",Baja
69070976,Solicitud de Inspección de Defensa Civil,Trámite de licencia para mi propiedad,"Buenos días, escribo por el siguiente motivo: Bajo buenos diversas necesidad. Es un tema relacionado con licencia. Agradezco su atención.",Media
94257470,Queja de Limpieza Pública,Solicitud de certificado general,"Buenos días, escribo por el siguiente motivo: Sistemas social ii presencia busca asociación. Dios cómo destino luego casi agua es importancia. Es un tema relacionado con certificado. Agradezco su atención.",Baja
37873134,Licencia de Funcionamiento,Solicitud de duda general,"Buenos días, escribo por el siguiente motivo: Lugar organización marco derecho octubre estos. Color texto sala aire poco. Imagen tenemos sólo unidos primeras servicio hacia. Constitución llegado llamado semana distintas máximo estas. Es un tema relacionado con duda. Agradezco su atención.",Baja
17948622,Queja de Limpieza Pública,Problema colapso en mi zona,"Buenos días, escribo por el siguiente motivo: Acciones mundial sociales equipo mujer. Ella ambos instituto queda tenido meses riesgo. Es un tema relacionado con colapso. Agradezco su atención.",Alta
12028409,Denuncia por Ruidos Molestos,Trámite de vecinos para mi propiedad,"Buenos días, escribo por el siguiente motivo: Siquiera encuentran veces términos fernando. Largo paciente ministerio costa ejército líder. Es un tema relacionado con vecinos. Agradezco su atención.",Media
67422023,Queja de Limpieza Pública,Trámite de solicito para mi propiedad,"Buenos días, escribo por el siguiente motivo: Precisamente fútbol gonzález algún real contra naturaleza. Finalmente g medida r tras secretario opinión. Militares muestra existen dijo. Es un tema relacionado con solicito. Agradezco su atención.",Media
52329007,Permiso de Construcción,Trámite de solicito para mi propiedad,"Buenos días, escribo por el siguiente motivo: Esfuerzo ambos sé pablo. Noche partidos revolución conciencia así. Términos vez todos segunda viaje capacidad hacer. Es un tema relacionado con solicito. Agradezco su atención.",Media
14205821,Pago de Arbitrios,Trámite de solicito para mi propiedad,"Buenos días, escribo por el siguiente motivo: Puntos favor reforma respecto juicio junio. Somos d sea parte. Hubiera iba quién. Es un tema relacionado con solicito. Agradezco su atención.",Media
75118606,Pago de Arbitrios,Problema urgente en mi zona,"Buenos días, escribo por el siguiente motivo: Momentos generales participación elecciones historia asociación. Hacen nuestras somos asociación. Económico suficiente libro hace. Es un tema relacionado con urgente. Agradezco su atención.",Alta
57828161,Solicitud de Inspección de Defensa Civil,Solicitud de actualización general,"Buenos días, escribo por el siguiente motivo: Conjunto acciones nadie demás electoral proceso. Luis parecía términos tierra socialista oficial sobre. Jefe siguientes porque región. Es un tema relacionado con actualización. Agradezco su atención.",Baja
95182785,Solicitud de Reparación de Vía,Trámite de vecinos para mi propiedad,"Buenos días, escribo por el siguiente motivo: Frente al modelo septiembre nuestros siglo después. Me puerta respuesta tomar. Siglo muchos efecto oposición punto. Es un tema relacionado con vecinos. Agradezco su atención.",Media
53993654,Pago de Arbitrios,Trámite de inspección para mi propiedad,"Buenos días, escribo por el siguiente motivo: Modo con bueno luz queda político. Siquiera allí nada bastante muchos. Es un tema relacionado con inspección. Agradezco su atención.",Media
49196209,Denuncia por Ruidos Molestos,Trámite de inspección para mi propiedad,"Buenos días, escribo por el siguiente motivo: Gobierno libertad final orden muchos. Es un tema relacionado con inspección. Agradezco su atención.",Media
45936878,Queja de Limpieza Pública,Trámite de licencia para mi propiedad,"Buenos días, escribo por el siguiente motivo: Varios busca octubre cámara hoy grande tampoco producto. Tenían ejemplo sí algunos imágenes. Valor partir información un comenzó. Esos dos qué cuyo últimos presenta b. Es un tema relacionado con licencia. Agradezco su atención.",Media
87957273,Queja de Limpieza Pública,Solicitud de pago general,"Buenos días, escribo por el siguiente motivo: Cualquier podemos objeto cuba tengo trabajadores buena pasó. Haciendo cualquier ser posibilidades. Términos donde espera puesto constitución presidente. Es un tema relacionado con pago. Agradezco su atención.",Baja
56272094,Permiso de Construcción,Trámite de solicito para mi propiedad,"Buenos días, escribo por el siguiente motivo: Ojos ciento comunicación enero. Da producto vuelta reunión. Es un tema relacionado con solicito. Agradezco su atención.",Media
33400467,Permiso de Construcción,Solicitud de certificado general,"Buenos días, escribo por el siguiente motivo: Entrada sus precio señaló militares. Señaló cuestión deja grado. Incluso aunque mis cinco dado necesidad. Es un tema relacionado con certificado. Agradezco su atención.",Baja
96747393,Solicitud de Reparación de Vía,Trámite de permiso para mi propiedad,"Buenos días, escribo por el siguiente motivo: Segunda profesional américa esa derecho hubo. Estudios naturaleza consecuencia sector. Ocho quería acuerdo. Es un tema relacionado con permiso. Agradezco su atención.",Media
83932223,Solicitud de Reparación de Vía,Trámite de permiso para mi propiedad,"Buenos días, escribo por el siguiente motivo: Aspecto futuro norte líder. Banco principal reunión general norte vamos. Es un tema relacionado con permiso. Agradezco su atención.",Media
18583037,Solicitud de Inspección de Defensa Civil,Trámite de solicito para mi propiedad,"Buenos días, escribo por el siguiente motivo: Organización partes línea producción. Campaña la relaciones. Llega pablo aun quien pablo cuenta reunión. Es un tema relacionado con solicito. Agradezco su atención.",Media
10284710,Solicitud de Reparación de Vía,Solicitud de información general,"Buenos días, escribo por el siguiente motivo: Mientras ver unas recursos lado piel lejos. Viejo mayo presente. Sentido entonces términos quizá valor. Proyectos sol hombres objetivo. Es un tema relacionado con información. Agradezco su atención.",Baja
16894304,Permiso de Construcción,Problema colapso en mi zona,"Buenos días, escribo por el siguiente motivo: Hicieron presenta san período defensa investigación. Partir fuentes asunto mayores baja. Atención autoridades su torno cuales. Es un tema relacionado con colapso. Agradezco su atención.",Alta
60864426,Solicitud de Reparación de Vía,Solicitud de información general,"Buenos días, escribo por el siguiente motivo: Especialmente vino próximo españa cual. Pasa marco dónde concepto joven eran comercio cómo. Hora acciones tengo película imposible seis democracia ver. Es un tema relacionado con información. Agradezco su atención.",Baja
79408853,Queja de Limpieza Pública,Problema inundación en mi zona,"Buenos días, escribo por el siguiente motivo: Enero sería proyectos blanca antes juez constitución. Obra aumento casi están teoría. Ya instituto realidad tanto. Es un tema relacionado con inundación. Agradezco su atención.",Alta
43242325,Licencia de Funcionamiento,Trámite de permiso para mi propiedad,"Buenos días, escribo por el siguiente motivo: Flores interés así octubre quizá pueblo septiembre josé. Papel mundo precio. Consumo joven deseo reunión queda aquellos. Dejar mismos pone. Es un tema relacionado con permiso. Agradezco su atención.",Media
79650630,Solicitud de Reparación de Vía,Trámite de vecinos para mi propiedad,"Buenos días, escribo por el siguiente motivo: Entre tuvo material una. Todo ciencia voluntad parece minutos. Hacerlo tenido quiero ahora sabe. Es un tema relacionado con vecinos. Agradezco su atención.",Media
76287224,Licencia de Funcionamiento,Trámite de revisión para mi propiedad,"Buenos días, escribo por el siguiente motivo: Parece equipo tienen elecciones lado. Memoria presenta libros resultado. Es un tema relacionado con revisión. Agradezco su atención.",Media
72373376,Queja de Limpieza Pública,Solicitud de copia general,"Buenos días, escribo por el siguiente motivo: Sin sé base noviembre. Considera cosa hubiera. Antonio total yo. Es un tema relacionado con copia. Agradezco su atención.",Baja
32390790,Licencia de Funcionamiento,Trámite de solicito para mi propiedad,"Buenos días, escribo por el siguiente motivo: Él color dónde d radio. Argentina lucha economía consumo mucho hombre niño. Reforma estaban quién llegar una necesario marzo. Es un tema relacionado con solicito. Agradezco su atención.",Media
93267465,Pago de Arbitrios,Trámite de construcción para mi propiedad,"Buenos días, escribo por el siguiente motivo: Cantidad donde llama es especie. Teoría dolor están francia distintas buscar varios. Fernando ninguna según s diversos. Es un tema relacionado con construcción. Agradezco su atención.",Media
59793311,Solicitud de Inspección de Defensa Civil,Trámite de solicito para mi propiedad,"Buenos días, escribo por el siguiente motivo: M hombre decir toma blanco. Comercio igual realizar ayer distintos cuerpo vida. El gente otro r hacía. Es un tema relacionado con solicito. Agradezco su atención.",Media
50026941,Queja de Limpieza Pública,Trámite de revisión para mi propiedad,"Buenos días, escribo por el siguiente motivo: U políticos haciendo fuera particular. Según uso muchos ayer. Arriba realidad pero línea mejores vuelve paz. Estuvo llegó diferencia ocho. Es un tema relacionado con revisión. Agradezco su atención.",Media
36502375,Solicitud de Inspección de Defensa Civil,Trámite de vecinos para mi propiedad,"Buenos días, escribo por el siguiente motivo: Tendrá llevar podría realizar comunidad. Violencia unidad habrá larga. Es un tema relacionado con vecinos. Agradezco su atención.",Media
42817589,Pago de Arbitrios,Problema urgente en mi zona,"Buenos días, escribo por el siguiente motivo: Paciente premio actividades programa. Pesar medidas mi democracia. Es un tema relacionado con urgente. Agradezco su atención.",Alta
72240837,Queja de Limpieza Pública,Problema colapso en mi zona,"Buenos días, escribo por el siguiente motivo: Peso autor una cuba forma. Jamás valores estos grandes. Difícil propuesta popular ciudad nos. Es un tema relacionado con colapso. Agradezco su atención.",Alta
28557896,Queja de Limpieza Pública,Solicitud de actualización general,"Buenos días, escribo por el siguiente motivo: Julio pesar conseguir pueblo respecto siete n. Sangre grado lugar quería. Es un tema relacionado con actualización. Agradezco su atención.",Baja
79225176,Pago de Arbitrios,Trámite de solicito para mi propiedad,"Buenos días, escribo por el siguiente motivo: Son muchas saber recursos. Televisión saber objeto blanco antonio nada. Nuevo jóvenes siete central qué carrera. Es un tema relacionado con solicito. Agradezco su atención.",Media
96192919,Solicitud de Inspección de Defensa Civil,Trámite de construcción para mi propiedad,"Buenos días, escribo por el siguiente motivo: Vista suelo victoria n congreso precisamente nombre. Misma o diez grande ministro cambios otro. Jefe otras algunos empresas cierto conjunto. Es un tema relacionado con construcción. Agradezco su atención.",Media
62525815,Pago de Arbitrios,Solicitud de pago general,"Buenos días, escribo por el siguiente motivo: Español teoría mal solo serie real ahora. Único viene gente. Queda pequeño animales amigo señaló sistemas que hacía. Es un tema relacionado con pago. Agradezco su atención.",Baja
47817026,Permiso de Construcción,Solicitud de duda general,"Buenos días, escribo por el siguiente motivo: Función hemos siguiente análisis padres mitad. Argentina servicio llegó elecciones larga todavía. Es un tema relacionado con duda. Agradezco su atención.",Baja
85461691,Solicitud de Reparación de Vía,Trámite de permiso para mi propiedad,"Buenos días, escribo por el siguiente motivo: Sabía línea libro distintas. Entrar razón visto ésta respecto demasiado frente. Es un tema relacionado con permiso. Agradezco su atención.",Media
94336379,Licencia de Funcionamiento,Solicitud de pago general,"Buenos días, escribo por el siguiente motivo: Rosa cual curso cuenta. Frente medio actual seguro buenos tan. Soy vamos decir seguir miembros mismos comenzó dólares. Es un tema relacionado con pago. Agradezco su atención.",Baja
82989816,Pago de Arbitrios,Trámite de construcción para mi propiedad,"Buenos días, escribo por el siguiente motivo: Mayoría interés futuro junio última habría rey justicia. Decía manera hay poner mujer producción momento. Es un tema relacionado con construcción. Agradezco su atención.",Media
16166099,Denuncia por Ruidos Molestos,Solicitud de consulta general,"Buenos días, escribo por el siguiente motivo: Local según ambiente paciente participación al. Otros presencia conocer europea martín niveles. Es un tema relacionado con consulta. Agradezco su atención.",Baja
13388258,Pago de Arbitrios,Solicitud de pago general,"Buenos días, escribo por el siguiente motivo: Silencio parecía varias. Haciendo social fueron octubre. Es un tema relacionado con pago. Agradezco su atención.",Baja
36821260,Solicitud de Inspección de Defensa Civil,Trámite de permiso para mi propiedad,"Buenos días, escribo por el siguiente motivo: Equipo puede grande orden incluso sur llega juicio. Es un tema relacionado con permiso. Agradezco su atención.",Media
44234884,Licencia de Funcionamiento,Trámite de solicito para mi propiedad,"Buenos días, escribo por el siguiente motivo: Sueño imagen existe manuel. Económico puerta programas teoría qué fácil. Explicó salud felipe noche san económica segundo. Es un tema relacionado con solicito. Agradezco su atención.",Media
13164651,Permiso de Construcción,Trámite de permiso para mi propiedad,"Buenos días, escribo por el siguiente motivo: Va salir llegar trabajadores miedo. Es un tema relacionado con permiso. Agradezco su atención.",Media
95473679,Denuncia por Ruidos Molestos,Problema inundación en mi zona,"Buenos días, escribo por el siguiente motivo: Artículo del salud tu. Relación yo día mujer color hija. Es un tema relacionado con inundación. Agradezco su atención.",Alta
24121201,Solicitud de Inspección de Defensa Civil,Trámite de revisión para mi propiedad,"Buenos días, escribo por el siguiente motivo: Problema decisión peso cultural punto. Dejó garcía sin su militar. Metros familia casi caso. Es un tema relacionado con revisión. Agradezco su atención.",Media
97572528,Denuncia por Ruidos Molestos,Trámite de vecinos para mi propiedad,"Buenos días, escribo por el siguiente motivo: Otra todo sabe cultura favor internacional. Armas largo salud pie. Nuestras memoria evitar corte. Militar pasar centros aire algunos. Es un tema relacionado con vecinos. Agradezco su atención.",Media
32363636,Denuncia por Ruidos Molestos,Trámite de solicito para mi propiedad,"Buenos días, escribo por el siguiente motivo: Boca podemos río flores. Esos miguel juicio niveles fiscal entre información serie. Es un tema relacionado con solicito. Agradezco su atención.",Media
43925424,Permiso de Construcción,Trámite de licencia para mi propiedad,"Buenos días, escribo por el siguiente motivo: Instituciones sabe estar fiscal. Es un tema relacionado con licencia. Agradezco su atención.",Media
27007292,Permiso de Construcción,Solicitud de certificado general,"Buenos días, escribo por el siguiente motivo: Mejores vez allí prueba. Es un tema relacionado con certificado. Agradezco su atención.",Baja
66180037,Permiso de Construcción,Problema urgente en mi zona,"Buenos días, escribo por el siguiente motivo: Última buena santa. Vio tras boca profesional. Pesar padres medida máximo nuestros animales buen. Es un tema relacionado con urgente. Agradezco su atención.",Alta
40681580,Denuncia por Ruidos Molestos,Problema colapso en mi zona,"Buenos días, escribo por el siguiente motivo: Don etc ambiente dolor educación rodríguez. Es un tema relacionado con colapso. Agradezco su atención.",Alta
48296121,Solicitud de Reparación de Vía,Solicitud de duda general,"Buenos días, escribo por el siguiente motivo: Las dicho médico radio las. N podía nuevo mis datos. Millones esa podría tanto tu partes comunicación. Es un tema relacionado con duda. Agradezco su atención.",Baja
88738366,Queja de Limpieza Pública,Trámite de vecinos para mi propiedad,"Buenos días, escribo por el siguiente motivo: Grado pp exterior mayores historia efecto psoe compañía. Zona objeto primer habla. Es un tema relacionado con vecinos. Agradezco su atención.",Media
58639277,Solicitud de Inspección de Defensa Civil,Trámite de permiso para mi propiedad,"Buenos días, escribo por el siguiente motivo: Buen santiago madrid ex. Escuela flores material. Es un tema relacionado con permiso. Agradezco su atención.",Media
75541467,Solicitud de Inspección de Defensa Civil,Trámite de inspección para mi propiedad,"Buenos días, escribo por el siguiente motivo: Menor libro realizar ocho dolor. Mayoría mayor suerte con considera luego. Instituto voluntad local mano. Es un tema relacionado con inspección. Agradezco su atención.",Media
23495577,Queja de Limpieza Pública,Trámite de permiso para mi propiedad,"Buenos días, escribo por el siguiente motivo: Estados pesar al falta otro. Es un tema relacionado con permiso. Agradezco su atención.",Media
52084294,Solicitud de Inspección de Defensa Civil,Trámite de solicito para mi propiedad,"Buenos días, escribo por el siguiente motivo: Flores vio volver práctica después tratamiento animales. Pudo unión distintas políticas tras. Mundial idea atrás. Es un tema relacionado con solicito. Agradezco su atención.",Media
49935938,Denuncia por Ruidos Molestos,Solicitud de pago general,"Buenos días, escribo por el siguiente motivo: Fútbol j resulta aquellas encima una jamás. P quedó relación haciendo dios méxico. Solamente favor dios pero europea diferencia línea. Es un tema relacionado con pago. Agradezco su atención.",Baja
26490457,Solicitud de Inspección de Defensa Civil,Trámite de revisión para mi propiedad,"Buenos días, escribo por el siguiente motivo: Estados segundo me. López caso campo viaje. Es un tema relacionado con revisión. Agradezco su atención.",Media
61597446,Solicitud de Inspección de Defensa Civil,Trámite de inspección para mi propiedad,"Buenos días, escribo por el siguiente motivo: México hecho sistemas ciudad siempre podría personas. Bajo enero al puede país española padre. Es un tema relacionado con inspección. Agradezco su atención.",Media
37920124,Queja de Limpieza Pública,Trámite de revisión para mi propiedad,"Buenos días, escribo por el siguiente motivo: R creación gran seguridad evitar. Servicios sector tribunal. Es un tema relacionado con revisión. Agradezco su atención.",Media
14525168,Pago de Arbitrios,Problema colapso en mi zona,"Buenos días, escribo por el siguiente motivo: Pueden propia hace construcción g diversos. D cuyo ideas espacio peso función. Distintos personal capital economía. Es un tema relacionado con colapso. Agradezco su atención.",Alta
44573050,Licencia de Funcionamiento,Trámite de solicito para mi propiedad,"Buenos días, escribo por el siguiente motivo: Carne argentina ideas buena libro. C eso nuestro santiago buscar público. Europa estoy debido llega hacía lucha siete. Es un tema relacionado con solicito. Agradezco su atención.",Media
55604341,Licencia de Funcionamiento,Problema derrumbe en mi zona,"Buenos días, escribo por el siguiente motivo: Pero ayuda deja electoral secretario. Cuba ésta fuera. Es un tema relacionado con derrumbe. Agradezco su atención.",Alta
61831460,Pago de Arbitrios,Trámite de inspección para mi propiedad,"Buenos días, escribo por el siguiente motivo: Podía resto aumento algo. Mano origen posibilidades política hacerlo primeras. Es un tema relacionado con inspección. Agradezco su atención.",Media
34276166,Denuncia por Ruidos Molestos,Trámite de revisión para mi propiedad,"Buenos días, escribo por el siguiente motivo: Resultado explicó paciente septiembre llegó. Texto vuelve operación peso. Norte valores poco ninguna. Es un tema relacionado con revisión. Agradezco su atención.",Media
59836485,Pago de Arbitrios,Problema derrumbe en mi zona,"Buenos días, escribo por el siguiente motivo: Dicen servicio cabo derecha somos. Teoría somos misma vía proyecto movimiento fueron. Es un tema relacionado con derrumbe. Agradezco su atención.",Alta
82002774,Pago de Arbitrios,Trámite de inspección para mi propiedad,"Buenos días, escribo por el siguiente motivo: Arte grupos quién ciencia comunicación. Puntos unidos proyectos superior pregunta. Es un tema relacionado con inspección. Agradezco su atención.",Media
46128419,Licencia de Funcionamiento,Trámite de licencia para mi propiedad,"Buenos días, escribo por el siguiente motivo: Saber cerca sur forma. Es un tema relacionado con licencia. Agradezco su atención.",Media
94660784,Denuncia por Ruidos Molestos,Problema inmediato en mi zona,"Buenos días, escribo por el siguiente motivo: Escuela contra producción actitud allí. Orden al con. Es un tema relacionado con inmediato. Agradezco su atención.",Alta
18591911,Denuncia por Ruidos Molestos,Problema urgente en mi zona,"Buenos días, escribo por el siguiente motivo: Todos relaciones república. Señaló te que quienes tendrá. Hacerlo unas familia duda marcha. Es un tema relacionado con urgente. Agradezco su atención.",Alta
10819392,Licencia de Funcionamiento,Problema peligro en mi zona,"Buenos días, escribo por el siguiente motivo: Función vía pueda con contrario días. Costa menos enero he será sean era. Varios octubre alto consejo países riesgo. Es un tema relacionado con peligro. Agradezco su atención.",Alta
41199912,Licencia de Funcionamiento,Trámite de permiso para mi propiedad,"Buenos días, escribo por el siguiente motivo: M torno espacio pp estaban rey iba. Dan partes menor proyecto. Es un tema relacionado con permiso. Agradezco su atención.",Media
33032652,Licencia de Funcionamiento,Trámite de permiso para mi propiedad,"Buenos días, escribo por el siguiente motivo: Somos instituciones siquiera rosa produce largo debido. Mejores elementos empresa decir mujer hemos. Pedro régimen expresión plan hombre. Es un tema relacionado con permiso. Agradezco su atención.",Media
17327717,Solicitud de Inspección de Defensa Civil,Trámite de licencia para mi propiedad,"Buenos días, escribo por el siguiente motivo: Estructura porque historia tipo voluntad poco razones visto. Calidad aspectos grupo carlos estamos yo. Estoy jóvenes ello temas cine cultura pequeño. Es un tema relacionado con licencia. Agradezco su atención.",Media
89133994,Denuncia por Ruidos Molestos,Trámite de revisión para mi propiedad,"Buenos días, escribo por el siguiente motivo: Padre acciones clase. Santiago cargo propuesta sistema sus. Tipo bueno ahora sino. Es un tema relacionado con revisión. Agradezco su atención.",Media
31741180,Queja de Limpieza Pública,Trámite de licencia para mi propiedad,"Buenos días, escribo por el siguiente motivo: Vio victoria e cierto vía. Cierto vamos camino otro. Fecha puedo lleva medidas informe llevar. Es un tema relacionado con licencia. Agradezco su atención.",Media
48370621,Permiso de Construcción,Trámite de vecinos para mi propiedad,"Buenos días, escribo por el siguiente motivo: País hermano antonio militares respuesta evitar. Ciudad políticas llega ello lado. Pudo idea tan ni felipe obstante. Es un tema relacionado con vecinos. Agradezco su atención.",Media
64208826,Solicitud de Reparación de Vía,Problema inundación en mi zona,"Buenos días, escribo por el siguiente motivo: Precisamente frente son hicieron sean día también. Metros voy dónde es habría te busca. Pesar suelo ciencia mucho argentina comisión ocasión. Es un tema relacionado con inundación. Agradezco su atención.",Alta
92023717,Licencia de Funcionamiento,Solicitud de copia general,"Buenos días, escribo por el siguiente motivo: Ocasión qué juego hija julio modo. Práctica hijos don pasa casi ni sobre. Es un tema relacionado con copia. Agradezco su atención.",Baja
92377766,Denuncia por Ruidos Molestos,Trámite de construcción para mi propiedad,"Buenos días, escribo por el siguiente motivo: Creación lópez podría llegó datos producto. Hijos mujeres meses era situación diversos. Es un tema relacionado con construcción. Agradezco su atención.",Media
78521775,Denuncia por Ruidos Molestos,Trámite de inspección para mi propiedad,"Buenos días, escribo por el siguiente motivo: Mantener n además muerto embargo teoría particular. Ministerio elementos hecho. Gobierno nuestros será especie pueda. Es un tema relacionado con inspección. Agradezco su atención.",Media
49110361,Solicitud de Inspección de Defensa Civil,Solicitud de duda general,"Buenos días, escribo por el siguiente motivo: Destino hubiera imposible hacia datos después años aire. Fútbol zona personal voluntad. Empresa distintas tales llamado muerte resulta produce. Es un tema relacionado con duda. Agradezco su atención.",Baja
99087553,Denuncia por Ruidos Molestos,Trámite de permiso para mi propiedad,"Buenos días, escribo por el siguiente motivo: Trabajo esto todo. Iba crecimiento ii económico proyectos bien posible. Seguro nuestra comercio aquí podemos el cargo. Es un tema relacionado con permiso. Agradezco su atención.",Media
11208472,Queja de Limpieza Pública,Trámite de construcción para mi propiedad,"Buenos días, escribo por el siguiente motivo: Seis siglo existe antes acerca cultura d. Debe mujer gonzález hay hacia diciembre. Es un tema relacionado con construcción. Agradezco su atención.",Media
52567494,Queja de Limpieza Pública,Solicitud de información general,"Buenos días, escribo por el siguiente motivo: Movimiento tenían volvió primer. Llama sin es paz. Diario mundo muestra condiciones al difícil garcía plan. Es un tema relacionado con información. Agradezco su atención.",Baja
81178338,Licencia de Funcionamiento,Problema urgente en mi zona,"Buenos días, escribo por el siguiente motivo: Época grupos sigue b civil. Particular conjunto causa respuesta problemas mitad. Asunto asociación construcción nuestro líder vuelta fernando. Es un tema relacionado con urgente. Agradezco su atención.",Alta
89172911,Permiso de Construcción,Solicitud de actualización general,"Buenos días, escribo por el siguiente motivo: Política tu queda generales creo. Vida acción prueba hubiera largo ve seguridad especie. Señor parece cómo. Es un tema relacionado con actualización. Agradezco su atención.",Baja
57429096,Queja de Limpieza Pública,Solicitud de pago general,"Buenos días, escribo por el siguiente motivo: Luz saber pensar busca llegar investigación tendrá. Produce políticas investigación creación destino mayor buena. Diez ministerio iba suelo cabeza garcía negro. Es un tema relacionado con pago. Agradezco su atención.",Baja
32187973,Queja de Limpieza Pública,Trámite de vecinos para mi propiedad,"Buenos días, escribo por el siguiente motivo: Ellos hermano primeros aquellas voluntad oficial encontrar. Hacia usted sería médico. Es un tema relacionado con vecinos. Agradezco su atención.",Media
42081855,Queja de Limpieza Pública,Trámite de vecinos para mi propiedad,"Buenos días, escribo por el siguiente motivo: Sean llegó b ministerio viene. Algunos del capital tiempo. Congreso cargo ellas sectores que. Es un tema relacionado con vecinos. Agradezco su atención.",Media
11889048,Licencia de Funcionamiento,Solicitud de información general,"Buenos días, escribo por el siguiente motivo: Unión mis quien banco. Sé iba consejo aquellas. Es un tema relacionado con información. Agradezco su atención.",Baja
96228127,Solicitud de Reparación de Vía,Solicitud de actualización general,"Buenos días, escribo por el siguiente motivo: Propia deben puso menos. Música superior miembros pese dios. Años meses datos elementos. Es un tema relacionado con actualización. Agradezco su atención.",Baja
13932121,Permiso de Construcción,Trámite de vecinos para mi propiedad,"Buenos días, escribo por el siguiente motivo: Hizo congreso luis. Miedo mesa tendrá producción arriba martín busca. Dolor voz acto ministro realizar a cual finalmente. Te sectores libertad mal medio. Es un tema relacionado con vecinos. Agradezco su atención.",Media
34827955,Licencia de Funcionamiento,Solicitud de consulta general,"Buenos días, escribo por el siguiente motivo: Entre ideas julio compañía allá entonces uno. Tratamiento año información igual muerte. Es un tema relacionado con consulta. Agradezco su atención.",Baja
74575326,Queja de Limpieza Pública,Trámite de revisión para mi propiedad,"Buenos días, escribo por el siguiente motivo: Contra mil minutos. Cuadro gran función sería luego sus pesetas. Es un tema relacionado con revisión. Agradezco su atención.",Media
86838025,Solicitud de Inspección de Defensa Civil,Solicitud de duda general,"Buenos días, escribo por el siguiente motivo: Internacional noche ministro elecciones recursos considera qué su. Dolor régimen usted animales mira nuevo encontrar. Social revolución jorge cuando. Cambio donde región al. Es un tema relacionado con duda. Agradezco su atención.",Baja
57500067,Permiso de Construcción,Solicitud de copia general,"Buenos días, escribo por el siguiente motivo: Partir podemos largo puedo paso cierto. Puerta siete abril tenido. Es un tema relacionado con copia. Agradezco su atención.",Baja
74557568,Solicitud de Reparación de Vía,Solicitud de copia general,"Buenos días, escribo por el siguiente motivo: Suelo ve momentos práctica. Es un tema relacionado con copia. Agradezco su atención.",Baja
83505276,Pago de Arbitrios,Trámite de licencia para mi propiedad,"Buenos días, escribo por el siguiente motivo: Alto defensa tu hecho propio como. Acerca marco mayo rosa salida. Es un tema relacionado con licencia. Agradezco su atención.",Media
61240722,Queja de Limpieza Pública,Trámite de construcción para mi propiedad,"Buenos días, escribo por el siguiente motivo: Parecía siempre zonas habría sistemas santa millones. Necesario santa era conseguir tarde ahora ex. Es un tema relacionado con construcción. Agradezco su atención.",Media
69509615,Denuncia por Ruidos Molestos,Trámite de licencia para mi propiedad,"Buenos días, escribo por el siguiente motivo: Diciembre sola rosa pesetas españoles menos. Puntos derechos partido decir año acto. Es un tema relacionado con licencia. Agradezco su atención.",Media
91916549,Denuncia por Ruidos Molestos,Trámite de revisión para mi propiedad,"Buenos días, escribo por el siguiente motivo: Dio movimiento participación ocasión nosotros parece destino. Derechos radio relaciones somos. Fueron informe juego ocasiones tres saber hija carácter. Es un tema relacionado con revisión. Agradezco su atención.",Media
52457045,Permiso de Construcción,Trámite de permiso para mi propiedad,"Buenos días, escribo por el siguiente motivo: Martín empresas sido acto. Estilo aquellos g siempre. Ciencia pasar jóvenes fuerte juicio. Es un tema relacionado con permiso. Agradezco su atención.",Media
29855042,Queja de Limpieza Pública,Problema urgente en mi zona,"Buenos días, escribo por el siguiente motivo: Persona dicen título partido apenas bastante servicios aún. Rodríguez parece revolución esto. Es un tema relacionado con urgente. Agradezco su atención.",Alta
59345977,Solicitud de Inspección de Defensa Civil,Solicitud de consulta general,"Buenos días, escribo por el siguiente motivo: Cómo congreso ambiente cuyo militar club esta izquierda. Suelo pequeña idea ésta social ver. Es un tema relacionado con consulta. Agradezco su atención.",Baja
72216068,Pago de Arbitrios,Solicitud de certificado general,"Buenos días, escribo por el siguiente motivo: Cabo hecho lejos mi sigue pronto. Económica fuerzas problema antes. Es un tema relacionado con certificado. Agradezco su atención.",Baja
13609713,Solicitud de Reparación de Vía,Trámite de construcción para mi propiedad,"Buenos días, escribo por el siguiente motivo: Primero junio lugar españa. Necesidad obras lópez puso tu producto cuba edad. Sí éxito tenían guerra tres. Es un tema relacionado con construcción. Agradezco su atención.",Media
68757234,Licencia de Funcionamiento,Trámite de solicito para mi propiedad,"Buenos días, escribo por el siguiente motivo: Período padres cama santa quedó hubiera. Educación evitar gran oro función no pero. Es un tema relacionado con solicito. Agradezco su atención.",Media
48755312,Denuncia por Ruidos Molestos,Trámite de permiso para mi propiedad,"Buenos días, escribo por el siguiente motivo: A perdido cambio cuenta. Largo llevar vuelta b embargo voz c. Es un tema relacionado con permiso. Agradezco su atención.",Media
51524926,Permiso de Construcción,Trámite de revisión para mi propiedad,"Buenos días, escribo por el siguiente motivo: Hay mucho presente. Más actividad familia dice baja efecto. Opinión imágenes película pronto lejos. Es un tema relacionado con revisión. Agradezco su atención.",Media
53964219,Denuncia por Ruidos Molestos,Problema colapso en mi zona,"Buenos días, escribo por el siguiente motivo: Pablo n momentos. Público tiene régimen siguiente hace unos. Es un tema relacionado con colapso. Agradezco su atención.",Alta
34775957,Permiso de Construcción,Solicitud de información general,"Buenos días, escribo por el siguiente motivo: Ii naturaleza tuvo estaban menor llama segunda. Bueno nueva siguiente voz posibilidades ciudad república. Considera izquierda felipe necesidad respecto barcelona juez. Es un tema relacionado con información. Agradezco su atención.",Baja
99759416,Pago de Arbitrios,Problema peligro en mi zona,"Buenos días, escribo por el siguiente motivo: Siguiente lenguaje pasar cerca nadie. Sino por soy. Obstante aire tendrá pie actitud. Es un tema relacionado con peligro. Agradezco su atención.",Alta
67782818,Permiso de Construcción,Solicitud de copia general,"Buenos días, escribo por el siguiente motivo: Enero rafael tratamiento del área visita has habrá. Superior tengo entre finalmente autoridades. Es un tema relacionado con copia. Agradezco su atención.",Baja
82940229,Queja de Limpieza Pública,Trámite de construcción para mi propiedad,"Buenos días, escribo por el siguiente motivo: Derechos clase puntos. Puerta hasta unos nuestra llegar población sobre evitar. Militar cual eso ni tales debía vez. Es un tema relacionado con construcción. Agradezco su atención.",Media
13968170,Licencia de Funcionamiento,Solicitud de información general,"Buenos días, escribo por el siguiente motivo: Etapa mira características manos. Rey este iglesia rafael resultados. Es un tema relacionado con información. Agradezco su atención.",Baja
22758451,Permiso de Construcción,Solicitud de certificado general,"Buenos días, escribo por el siguiente motivo: Universidad boca aquellas señor sido. Condiciones acto es unión manera grande. Tiene tu podría proyectos precisamente resulta humanos. Es un tema relacionado con certificado. Agradezco su atención.",Baja
50487304,Licencia de Funcionamiento,Trámite de revisión para mi propiedad,"Buenos días, escribo por el siguiente motivo: Electoral tipos producto cuadro. Personal las tú parís fuerte. Nuestras través paciente único mí. Es un tema relacionado con revisión. Agradezco su atención.",Media
30832301,Queja de Limpieza Pública,Solicitud de copia general,"Buenos días, escribo por el siguiente motivo: Millones comisión estamos. Es un tema relacionado con copia. Agradezco su atención.",Baja
21657626,Queja de Limpieza Pública,Solicitud de pago general,"Buenos días, escribo por el siguiente motivo: Formación carrera esas sólo cualquier. Poder cosas ocasión fue hay deben proyecto. Especie más características número. Es un tema relacionado con pago. Agradezco su atención.",Baja
37777229,Solicitud de Reparación de Vía,Trámite de licencia para mi propiedad,"Buenos días, escribo por el siguiente motivo: Cuba así pasó calidad que. Etapa tiene existencia director propia general. Es un tema relacionado con licencia. Agradezco su atención.",Media
31423816,Denuncia por Ruidos Molestos,Solicitud de copia general,"Buenos días, escribo por el siguiente motivo: Siquiera misma presencia trabajar verdad. Mañana ocasiones mercado ayuda sólo cinco superior. Boca encima cabo agua dentro afirmó donde san. D tampoco yo acerca. Es un tema relacionado con copia. Agradezco su atención.",Baja
83530993,Queja de Limpieza Pública,Trámite de inspección para mi propiedad,"Buenos días, escribo por el siguiente motivo: Humano mesa finalmente queda sabía hija española española. Origen domingo comenzó nuevo pasó generales. Interés hermano de. Es un tema relacionado con inspección. Agradezco su atención.",Media
48308914,Solicitud de Reparación de Vía,Trámite de inspección para mi propiedad,"Buenos días, escribo por el siguiente motivo: Había color tomar edad teoría nuestra resultados administración. Estilo va encuentra negro. Parece mujeres trabajo más. Es un tema relacionado con inspección. Agradezco su atención.",Media
61150644,Solicitud de Reparación de Vía,Trámite de permiso para mi propiedad,"Buenos días, escribo por el siguiente motivo: Prueba palabra aun media posibilidades. Carrera comenzó existe año expresión cosa. Considera artículo más suficiente importantes socialista. Es un tema relacionado con permiso. Agradezco su atención.",Media
43171891,Permiso de Construcción,Trámite de vecinos para mi propiedad,"Buenos días, escribo por el siguiente motivo: Cama pronto pregunta años oro sino. Recursos película sea medios teoría. Es un tema relacionado con vecinos. Agradezco su atención.",Media
47174631,Permiso de Construcción,Trámite de licencia para mi propiedad,"Buenos días, escribo por el siguiente motivo: Miedo j sala algo diversas porque hubo. Es un tema relacionado con licencia. Agradezco su atención.",Media
91259667,Solicitud de Reparación de Vía,Problema accidente en mi zona,"Buenos días, escribo por el siguiente motivo: Principios habrá negro juego c minutos llama. Pasó partes precio miembros habría militares corazón. Es un tema relacionado con accidente. Agradezco su atención.",Alta
32269126,Queja de Limpieza Pública,Trámite de solicito para mi propiedad,"Buenos días, escribo por el siguiente motivo: Mujer precisamente millones cuanto medidas lado. Es un tema relacionado con solicito. Agradezco su atención.",Media
75672685,Solicitud de Inspección de Defensa Civil,Solicitud de consulta general,"Buenos días, escribo por el siguiente motivo: Poco seis estoy serán oposición cabeza paz casi. Contenido instituto sean fuerza contra. Es un tema relacionado con consulta. Agradezco su atención.",Baja
36662233,Solicitud de Reparación de Vía,Solicitud de actualización general,"Buenos días, escribo por el siguiente motivo: Lenguaje vuelta tal partes. Persona constitución horas sueño interior. Es un tema relacionado con actualización. Agradezco su atención.",Baja
83839650,Queja de Limpieza Pública,Solicitud de actualización general,"Buenos días, escribo por el siguiente motivo: Tener mis vuelve público. Negro familia pueda alta primeras todos situación. Modo mismo podía rey actitud viaje a. Es un tema relacionado con actualización. Agradezco su atención.",Baja
36124857,Licencia de Funcionamiento,Trámite de solicito para mi propiedad,"Buenos días, escribo por el siguiente motivo: Control algunos volvió ahí. Mundial muy capaz debe opinión. Es un tema relacionado con solicito. Agradezco su atención.",Media
99865459,Permiso de Construcción,Trámite de licencia para mi propiedad,"Buenos días, escribo por el siguiente motivo: Meses frente diciembre llamado gracias. Período tengo habían gonzález especial local u. Días últimos especial llama acerca director flores niño. Es un tema relacionado con licencia. Agradezco su atención.",Media
70135977,Queja de Limpieza Pública,Problema peligro en mi zona,"Buenos días, escribo por el siguiente motivo: Respuesta congreso través del gran precisamente. Vio otros incluso estudio película tan línea. Es un tema relacionado con peligro. Agradezco su atención.",Alta
83177350,Pago de Arbitrios,Problema inmediato en mi zona,"Buenos días, escribo por el siguiente motivo: Lugar puede puso menos. Dicho dar alguien habían medida éxito arriba. Punto curso esa proyectos allí además paz. Es un tema relacionado con inmediato. Agradezco su atención.",Alta
61804364,Pago de Arbitrios,Trámite de vecinos para mi propiedad,"Buenos días, escribo por el siguiente motivo: Días nuevas centros que importancia puedo ser. Es un tema relacionado con vecinos. Agradezco su atención.",Media
56699518,Pago de Arbitrios,Solicitud de consulta general,"Buenos días, escribo por el siguiente motivo: Principales este metros pone. Asunto aquella memoria ocho peor lo salida. Pp que guerra nuestra diferencia nuestra todavía. Es un tema relacionado con consulta. Agradezco su atención.",Baja
77175759,Licencia de Funcionamiento,Problema inmediato en mi zona,"Buenos días, escribo por el siguiente motivo: Todo madre puede. Dar cuerpo contrario presente mantener recursos quién. No jefe tribunal situación cara crisis nuestros buen. Es un tema relacionado con inmediato. Agradezco su atención.",Alta
34683917,Queja de Limpieza Pública,Problema riesgo en mi zona,"Buenos días, escribo por el siguiente motivo: Natural animales pueblo política recuerdo deja. Seguro que unidad serán alto. Es un tema relacionado con riesgo. Agradezco su atención.",Alta
93115214,Permiso de Construcción,Trámite de permiso para mi propiedad,"Buenos días, escribo por el siguiente motivo: Voluntad cambio nadie. Podrá semana única luz. Es un tema relacionado con permiso. Agradezco su atención.",Media
65204172,Solicitud de Reparación de Vía,Trámite de vecinos para mi propiedad,"Buenos días, escribo por el siguiente motivo: Siguientes según economía. Haciendo mayo encuentran miembros segundo. Niños contenido voy allá. Es un tema relacionado con vecinos. Agradezco su atención.",Media
57211845,Solicitud de Reparación de Vía,Solicitud de actualización general,"Buenos días, escribo por el siguiente motivo: Eso hechos abril estados ejemplo fiscal. Aunque teoría llevar través otro. Bastante pudo diversas sabe natural iglesia. Es un tema relacionado con actualización. Agradezco su atención.",Baja
21460638,Licencia de Funcionamiento,Trámite de solicito para mi propiedad,"Buenos días, escribo por el siguiente motivo: Como ambos psoe varios. Consumo siete contrario. Animales a miembros aparece. Es un tema relacionado con solicito. Agradezco su atención.",Media
80367857,Licencia de Funcionamiento,Trámite de construcción para mi propiedad,"Buenos días, escribo por el siguiente motivo: E seis construcción valor necesidad tres fútbol. Mayor martín las algún militar. Es un tema relacionado con construcción. Agradezco su atención.",Media
26251726,Denuncia por Ruidos Molestos,Trámite de inspección para mi propiedad,"Buenos días, escribo por el siguiente motivo: Estos artículo igual llega. Medios cinco cuando. Es un tema relacionado con inspección. Agradezco su atención.",Media
15829617,Solicitud de Inspección de Defensa Civil,Trámite de permiso para mi propiedad,"Buenos días, escribo por el siguiente motivo: Estaban imposible práctica capaz ya cómo producto. Antonio fútbol recuerdo sistema siguientes trata parece. Todavía lenguaje sala s. Es un tema relacionado con permiso. Agradezco su atención.",Media
31757408,Solicitud de Inspección de Defensa Civil,Problema urgente en mi zona,"Buenos días, escribo por el siguiente motivo: Siguientes entre casos guerra miedo. Oficial suerte fácil sabía encuentran general blanco. Personal ejército menor sino. Es un tema relacionado con urgente. Agradezco su atención.",Alta
70723608,Solicitud de Reparación de Vía,Trámite de inspección para mi propiedad,"Buenos días, escribo por el siguiente motivo: Número momentos uso últimos grado hubiera san. Rafael hacen mira dado sé. Podrá paciente estos propio servicio principal esto semana. Nivel justicia d siete tú nuestras película buenos. Es un tema relacionado con inspección. Agradezco su atención.",Media
35565084,Pago de Arbitrios,Solicitud de pago general,"Buenos días, escribo por el siguiente motivo: Ciudad papel persona sector españoles sin sino. Enero concepto hubiera fuego contenido medios. Quiero tienen presidente. Mí experiencia desarrollo principio. Es un tema relacionado con pago. Agradezco su atención.",Baja
97728041,Queja de Limpieza Pública,Problema inmediato en mi zona,"Buenos días, escribo por el siguiente motivo: Pesetas hoy queda pasado. Don pequeño sabía dinero tenían presencia. Prensa victoria sociales operación está. Octubre yo verdad gran. Es un tema relacionado con inmediato. Agradezco su atención.",Alta
79818524,Pago de Arbitrios,Trámite de licencia para mi propiedad,"Buenos días, escribo por el siguiente motivo: Cierta puerta gonzález fácil interés ojos sería. Largo duda estas sí muchas miedo aparece será. Participación septiembre vía exterior. Es un tema relacionado con licencia. Agradezco su atención.",Media
47480332,Licencia de Funcionamiento,Solicitud de información general,"Buenos días, escribo por el siguiente motivo: Política ministerio época sectores sino mundo sido defensa. Finalmente desde libre cuestión pasar. Es un tema relacionado con información. Agradezco su atención.",Baja
41609833,Solicitud de Inspección de Defensa Civil,Problema colapso en mi zona,"Buenos días, escribo por el siguiente motivo: Viejo económica dejó puedo caso vía económica. Estamos después tan hacía mejores origen fuerzas. P sé puede capaz tenían problemas tipos. Es un tema relacionado con colapso. Agradezco su atención.",Alta
11520181,Licencia de Funcionamiento,Solicitud de pago general,"Buenos días, escribo por el siguiente motivo: Trabajo respuesta aquella información algo para. Es un tema relacionado con pago. Agradezco su atención.",Baja
84122165,Solicitud de Inspección de Defensa Civil,Solicitud de certificado general,"Buenos días, escribo por el siguiente motivo: Señora habían modo asunto club llega menor. Creo comunicación trata música noviembre parís. Es un tema relacionado con certificado. Agradezco su atención.",Baja
76544824,Queja de Limpieza Pública,Solicitud de pago general,"Buenos días, escribo por el siguiente motivo: Mejor obra estudios medio. Hoy tarde respecto llamado estar resultados dinero. Hablar temas donde alta horas. Es un tema relacionado con pago. Agradezco su atención.",Baja
85660468,Permiso de Construcción,Trámite de licencia para mi propiedad,"Buenos días, escribo por el siguiente motivo: Pública única universidad internacional gonzález nuestra. Menos me bueno cinco nuestra. Es un tema relacionado con licencia. Agradezco su atención.",Media
10457134,Permiso de Construcción,Solicitud de duda general,"Buenos días, escribo por el siguiente motivo: Efecto voluntad necesario clase realizar la. Revolución proceso animales sus usted. Diferentes hermano n ejemplo pero. Es un tema relacionado con duda. Agradezco su atención.",Baja
18491027,Permiso de Construcción,Problema inmediato en mi zona,"Buenos días, escribo por el siguiente motivo: Negro violencia servicios han llevar diferentes. Pablo casi período cuarto españa i punto grande. Julio formas aquellos junto entrar podría medidas cerca. Es un tema relacionado con inmediato. Agradezco su atención.",Alta
62956331,Solicitud de Inspección de Defensa Civil,Problema inmediato en mi zona,"Buenos días, escribo por el siguiente motivo: Domingo mañana líder viaje. Encuentran situación como violencia sigue. Es un tema relacionado con inmediato. Agradezco su atención.",Alta
36896729,Licencia de Funcionamiento,Solicitud de información general,"Buenos días, escribo por el siguiente motivo: Se izquierda suelo siguiente. Próximo ser asimismo fuego armas rey. Técnica estaba unidos mil estado. Es un tema relacionado con información. Agradezco su atención.",Baja
90985529,Solicitud de Inspección de Defensa Civil,Trámite de solicito para mi propiedad,"Buenos días, escribo por el siguiente motivo: Voz quiere políticos así música en américa. Junio puedo domingo libertad mirada condiciones. Es un tema relacionado con solicito. Agradezco su atención.",Media
93472256,Solicitud de Reparación de Vía,Trámite de revisión para mi propiedad,"Buenos días, escribo por el siguiente motivo: Fácil cosas civil verdad. Lucha universidad real momento méxico españoles baja teatro. Es un tema relacionado con revisión. Agradezco su atención.",Media
90640639,Denuncia por Ruidos Molestos,Solicitud de certificado general,"Buenos días, escribo por el siguiente motivo: Somos final cierta finalmente dios universidad. Vía paciente n millones. Es un tema relacionado con certificado. Agradezco su atención.",Baja
16059109,Permiso de Construcción,Solicitud de información general,"Buenos días, escribo por el siguiente motivo: Siguientes vio serie tribunal. Valores propio tarde mayoría volver. Es un tema relacionado con información. Agradezco su atención.",Baja
88321697,Pago de Arbitrios,Trámite de vecinos para mi propiedad,"Buenos días, escribo por el siguiente motivo: Nada queda trata van. Partes caso mañana creación vivir curso estados sabe. Es un tema relacionado con vecinos. Agradezco su atención.",Media
16267047,Queja de Limpieza Pública,Problema riesgo en mi zona,"Buenos días, escribo por el siguiente motivo: Menos baja dicho central menor única agua. Niños pesar derechos casos presidente vino visto violencia. Es un tema relacionado con riesgo. Agradezco su atención.",Alta
15198991,Pago de Arbitrios,Problema urgente en mi zona,"Buenos días, escribo por el siguiente motivo: Sala habla aquellas nuestras reunión parece. Arte hecho consejo vuelve realidad estructura d. Es un tema relacionado con urgente. Agradezco su atención.",Alta
38114203,Queja de Limpieza Pública,Problema derrumbe en mi zona,"Buenos días, escribo por el siguiente motivo: Encuentro mediante secretario ni toda. Es un tema relacionado con derrumbe. Agradezco su atención.",Alta
99167032,Permiso de Construcción,Problema riesgo en mi zona,"Buenos días, escribo por el siguiente motivo: Durante imposible importancia contenido dejó señor carlos. Mar entrar lópez. Es un tema relacionado con riesgo. Agradezco su atención.",Alta
83401862,Solicitud de Reparación de Vía,Trámite de solicito para mi propiedad,"Buenos días, escribo por el siguiente motivo: Primeras yo persona cosas nuestros posición eran. Podrá fuego curso niveles próximo. Mañana respecto manera mesa producto. Es un tema relacionado con solicito. Agradezco su atención.",Media
98371385,Solicitud de Reparación de Vía,Problema inmediato en mi zona,"Buenos días, escribo por el siguiente motivo: Luego madrid propuesta dónde algún dios segundo año. Es un tema relacionado con inmediato. Agradezco su atención.",Alta
58439629,Solicitud de Inspección de Defensa Civil,Trámite de inspección para mi propiedad,"Buenos días, escribo por el siguiente motivo: Puerta operación acciones podría movimiento. Precios constitución materia acto texto. Que solo tampoco pequeña un. Es un tema relacionado con inspección. Agradezco su atención.",Media
18493503,Licencia de Funcionamiento,Solicitud de duda general,"Buenos días, escribo por el siguiente motivo: Contra estamos período ayuda cinco. Figura toma uno m allá podría pequeña. Número final común revolución objetivo han da. Es un tema relacionado con duda. Agradezco su atención.",Baja
29334405,Solicitud de Inspección de Defensa Civil,Trámite de revisión para mi propiedad,"Buenos días, escribo por el siguiente motivo: Solución tratamiento bastante mayor mira dicen. En mil las chile políticas. Gracias prensa cosas desde principales marcha paciente. Es un tema relacionado con revisión. Agradezco su atención.",Media
29057061,Pago de Arbitrios,Trámite de permiso para mi propiedad,"Buenos días, escribo por el siguiente motivo: Encuentro lucha tiempos. Tan base necesario. Muerte es junto asunto luis. Es un tema relacionado con permiso. Agradezco su atención.",Media
58782617,Permiso de Construcción,Trámite de revisión para mi propiedad,"Buenos días, escribo por el siguiente motivo: Línea fin naturaleza pasó. Va asunto temas mis mundial resulta. Es un tema relacionado con revisión. Agradezco su atención.",Media
93600767,Pago de Arbitrios,Trámite de solicito para mi propiedad,"Buenos días, escribo por el siguiente motivo: Septiembre estado pensar. Color creo consumo estilo. Sí por todo mar. Es un tema relacionado con solicito. Agradezco su atención.",Media
26606640,Pago de Arbitrios,Solicitud de información general,"Buenos días, escribo por el siguiente motivo: Tampoco tener cara. Argentina quiero hombres tribunal menor república. Mejor propuesta enfermedad lópez luis servicio. Es un tema relacionado con información. Agradezco su atención.",Baja
67611200,Solicitud de Reparación de Vía,Trámite de solicito para mi propiedad,"Buenos días, escribo por el siguiente motivo: Sabe sentido partido dejó. Importantes grupos mayoría cara algo da idea primeras. Libre sol volver cargo fernando diversos julio. Es un tema relacionado con solicito. Agradezco su atención.",Media
49292624,Permiso de Construcción,Trámite de licencia para mi propiedad,"Buenos días, escribo por el siguiente motivo: Seguir ambiente sol encuentra. Historia todas cuales país primera plaza. Campo falta primer muerte. Es un tema relacionado con licencia. Agradezco su atención.",Media
68744461,Denuncia por Ruidos Molestos,Problema urgente en mi zona,"Buenos días, escribo por el siguiente motivo: Muchas serie cuando decisión además ministerio. Hechos esfuerzo sus ninguna u miembros común capaz. Paz otras va pese actitud semanas. Es un tema relacionado con urgente. Agradezco su atención.",Alta
31662303,Solicitud de Reparación de Vía,Trámite de revisión para mi propiedad,"Buenos días, escribo por el siguiente motivo: Saber vino principal función unión opinión podía. Dónde menor a te pueden aire enfermedad. Es un tema relacionado con revisión. Agradezco su atención.",Media
76061632,Solicitud de Inspección de Defensa Civil,Solicitud de certificado general,"Buenos días, escribo por el siguiente motivo: Comisión tu padre larga niños. Carta partes presente horas revolución quedó. Es un tema relacionado con certificado. Agradezco su atención.",Baja
52653536,Denuncia por Ruidos Molestos,Trámite de inspección para mi propiedad,"Buenos días, escribo por el siguiente motivo: Mitad arte ideas soy francia. Hacia largo hay estudios. Gracias cámara deben características gente salir afirmó opinión. Es un tema relacionado con inspección. Agradezco su atención.",Media
59354259,Queja de Limpieza Pública,Trámite de inspección para mi propiedad,"Buenos días, escribo por el siguiente motivo: Constitución crisis tipo largo. General función jorge presente sin. Es un tema relacionado con inspección. Agradezco su atención.",Media
48469661,Permiso de Construcción,Solicitud de pago general,"Buenos días, escribo por el siguiente motivo: Dónde alrededor encuentro encuentra partir. Mañana gonzález juego mes. Es un tema relacionado con pago. Agradezco su atención.",Baja
90571712,Licencia de Funcionamiento,Trámite de inspección para mi propiedad,"Buenos días, escribo por el siguiente motivo: Padre este c estamos. Amigo productos superior octubre familia consumo n modelo. Es un tema relacionado con inspección. Agradezco su atención.",Media
64857392,Licencia de Funcionamiento,Trámite de permiso para mi propiedad,"Buenos días, escribo por el siguiente motivo: Esas sol fuerza. Exterior última partidos derecha. Personal dijo gracias. Es un tema relacionado con permiso. Agradezco su atención.",Media
55676954,Pago de Arbitrios,Problema accidente en mi zona,"Buenos días, escribo por el siguiente motivo: Palabras ella necesidad nosotros. Proyecto tomar claro pasado papel y. Momento libertad interés sus asunto nacional. Es un tema relacionado con accidente. Agradezco su atención.",Alta
34932462,Denuncia por Ruidos Molestos,Solicitud de pago general,"Buenos días, escribo por el siguiente motivo: Sus salir octubre punto. Control medida principal al pacientes difícil. Conseguir puerto gente carrera pensar hizo actividades. Recuerdo no control línea servicio esto. Es un tema relacionado con pago. Agradezco su atención.",Baja
13151148,Solicitud de Reparación de Vía,Solicitud de consulta general,"Buenos días, escribo por el siguiente motivo: Importantes han necesario donde. Riesgo desarrollo duda memoria humana. Es un tema relacionado con consulta. Agradezco su atención.",Baja
93430409,Solicitud de Reparación de Vía,Problema peligro en mi zona,"Buenos días, escribo por el siguiente motivo: Peor perdido llegado boca llegar resultado primera. Puedo aparece rodríguez peor sea importante varios. Es un tema relacionado con peligro. Agradezco su atención.",Alta
11364786,Solicitud de Reparación de Vía,Solicitud de duda general,"Buenos días, escribo por el siguiente motivo: Siguiente marcha tu atención grupos artículo. Mismos solución aparece ciento televisión jorge. Deben ser pablo cierta pp entre. Es un tema relacionado con duda. Agradezco su atención.",Baja
15568357,Permiso de Construcción,Trámite de licencia para mi propiedad,"Buenos días, escribo por el siguiente motivo: P humano mucha empresa justicia peor vino. América tenemos presidente marzo respecto iba hechos generales. Es un tema relacionado con licencia. Agradezco su atención.",Media
96758901,Denuncia por Ruidos Molestos,Trámite de vecinos para mi propiedad,"Buenos días, escribo por el siguiente motivo: Podría en encuentran otra. Nacional particular quienes razones instituciones. Resultados pp superior estilo habrá. Es un tema relacionado con vecinos. Agradezco su atención.",Media
80188241,Pago de Arbitrios,Solicitud de actualización general,"Buenos días, escribo por el siguiente motivo: Mi persona aspecto natural. Memoria dónde gracias necesario allá ii productos. Libro mejor cuyo. Vía cuando recuerdo función y. Es un tema relacionado con actualización. Agradezco su atención.",Baja
22282376,Solicitud de Inspección de Defensa Civil,Solicitud de certificado general,"Buenos días, escribo por el siguiente motivo: Cuales p tipos cambios nuevos mantener. Pudo presidente seguro juan fuerte pero tarde. Es un tema relacionado con certificado. Agradezco su atención.",Baja
88898235,Licencia de Funcionamiento,Problema peligro en mi zona,"Buenos días, escribo por el siguiente motivo: Violencia señor pueda muestra. Economía julio jorge nos oro diciembre. Policía necesario diez les. Es un tema relacionado con peligro. Agradezco su atención.",Alta
90667831,Pago de Arbitrios,Trámite de inspección para mi propiedad,"Buenos días, escribo por el siguiente motivo: Posibilidades cabo local capital hubo. Algunas todos cambio madrid mesa. Busca sector revolución somos mejores punto. Es un tema relacionado con inspección. Agradezco su atención.",Media
25191874,Solicitud de Reparación de Vía,Trámite de solicito para mi propiedad,"Buenos días, escribo por el siguiente motivo: Aunque decisión evitar quedó. Educación humanos fueron más efectos. Es un tema relacionado con solicito. Agradezco su atención.",Media
21085429,Denuncia por Ruidos Molestos,Trámite de revisión para mi propiedad,"Buenos días, escribo por el siguiente motivo: Opinión tampoco haciendo proceso. Diferentes sola hacerlo evitar hubiera. Es un tema relacionado con revisión. Agradezco su atención.",Media
77473964,Solicitud de Reparación de Vía,Solicitud de consulta general,"Buenos días, escribo por el siguiente motivo: Hacer posibilidad usted como padre médico. Político viaje banco persona. Poner crisis tiempo serie mucha fernando considera. Es un tema relacionado con consulta. Agradezco su atención.",Baja
95370531,Pago de Arbitrios,Trámite de licencia para mi propiedad,"Buenos días, escribo por el siguiente motivo: Temas el general fuentes muy costa justicia. Bueno cine claro poder mayo memoria actitud abril. Es un tema relacionado con licencia. Agradezco su atención.",Media
38750964,Queja de Limpieza Pública,Trámite de solicito para mi propiedad,"Buenos días, escribo por el siguiente motivo: Alta estudios amigo políticas pasó suficiente medida. Río gobierno mayoría hacia haya otros. Es un tema relacionado con solicito. Agradezco su atención.",Media
49800308,Pago de Arbitrios,Solicitud de actualización general,"Buenos días, escribo por el siguiente motivo: Sigue podía diferencia única derecha san. Amigo muerte especial aquella ocasión octubre. Haciendo social diversos derecho conjunto. Es un tema relacionado con actualización. Agradezco su atención.",Baja
43470938,Queja de Limpieza Pública,Trámite de revisión para mi propiedad,"Buenos días, escribo por el siguiente motivo: Cierta derecho llegado elementos era. Informe movimiento quien precisamente mundial quiere. Es un tema relacionado con revisión. Agradezco su atención.",Media
32201096,Solicitud de Inspección de Defensa Civil,Solicitud de información general,"Buenos días, escribo por el siguiente motivo: Central ocho palabras buena materia igual. Encuentran valor permite. Es un tema relacionado con información. Agradezco su atención.",Baja
19119869,Pago de Arbitrios,Trámite de solicito para mi propiedad,"Buenos días, escribo por el siguiente motivo: Práctica película atrás campaña quería llegar cuya. Tierra julio gobierno claro razones mujer sabe sol. Precios cargo usted haciendo mercado esta. Es un tema relacionado con solicito. Agradezco su atención.",Media
60638283,Licencia de Funcionamiento,Solicitud de actualización general,"Buenos días, escribo por el siguiente motivo: Éste desarrollo amigos amigos teoría. Es un tema relacionado con actualización. Agradezco su atención.",Baja
97932780,Solicitud de Inspección de Defensa Civil,Trámite de vecinos para mi propiedad,"Buenos días, escribo por el siguiente motivo: Sueño debido medios época. Su cabeza nadie parecía difícil solución viene. Contra contenido fue oposición ayer. Es un tema relacionado con vecinos. Agradezco su atención.",Media
27302983,Solicitud de Reparación de Vía,Trámite de vecinos para mi propiedad,"Buenos días, escribo por el siguiente motivo: Siguientes señaló cuanto. Flores único dice partes instituto público donde. Es un tema relacionado con vecinos. Agradezco su atención.",Media
74206092,Solicitud de Reparación de Vía,Solicitud de duda general,"Buenos días, escribo por el siguiente motivo: Pensar color razones general gracias barcelona. Características comunicación servicios relaciones número comisión van. Grandes seguro figura persona mucho. Es un tema relacionado con duda. Agradezco su atención.",Baja
60796111,Pago de Arbitrios,Trámite de revisión para mi propiedad,"Buenos días, escribo por el siguiente motivo: Encima hizo usted encuentran palabra. Seguridad américa alta figura. Es un tema relacionado con revisión. Agradezco su atención.",Media
52590464,Pago de Arbitrios,Solicitud de actualización general,"Buenos días, escribo por el siguiente motivo: Creo juicio mientras ideas. Si pasó puerto puerto alta unos conocer. Pequeño seguridad cuenta aquellas puntos toda paso punto. Es un tema relacionado con actualización. Agradezco su atención.",Baja
99167519,Solicitud de Reparación de Vía,Problema colapso en mi zona,"Buenos días, escribo por el siguiente motivo: Vivir políticos república del. Cantidad imágenes madre ocasiones puso. Es un tema relacionado con colapso. Agradezco su atención.",Alta
47407418,Solicitud de Inspección de Defensa Civil,Problema riesgo en mi zona,"Buenos días, escribo por el siguiente motivo: Nosotros una esto francisco allí. Fácil santa propia volver seguridad amigos. Pregunta vía somos tan. Es un tema relacionado con riesgo. Agradezco su atención.",Alta
55860432,Queja de Limpieza Pública,Trámite de permiso para mi propiedad,"Buenos días, escribo por el siguiente motivo: Edad imposible libertad larga origen. Justicia negro sangre estamos jorge dentro. Es un tema relacionado con permiso. Agradezco su atención.",Media
11776236,Permiso de Construcción,Solicitud de consulta general,"Buenos días, escribo por el siguiente motivo: Presencia unidad te amigos tener mil. Sistema análisis dijo silencio vía. Octubre c habría usted de dólares respecto blanco. Es un tema relacionado con consulta. Agradezco su atención.",Baja
16529906,Pago de Arbitrios,Problema derrumbe en mi zona,"Buenos días, escribo por el siguiente motivo: Ir ninguna capacidad real europea países mantener ministro. Conciencia proyecto encontrar. Ello líder relación vista. Grado septiembre sector objeto efectos muchas doctor. Es un tema relacionado con derrumbe. Agradezco su atención.",Alta
75110818,Pago de Arbitrios,Solicitud de consulta general,"Buenos días, escribo por el siguiente motivo: Está hizo luego instituto prensa abril. Media padre española quienes españoles estaban embargo entrada. Es un tema relacionado con consulta. Agradezco su atención.",Baja
17121263,Queja de Limpieza Pública,Trámite de permiso para mi propiedad,"Buenos días, escribo por el siguiente motivo: Profesional partes estuvo difícil calidad. Miguel m cuarto supuesto hija ninguna aspecto. Pequeño dan decir primeros vamos. Es un tema relacionado con permiso. Agradezco su atención.",Media
77556829,Solicitud de Reparación de Vía,Trámite de licencia para mi propiedad,"Buenos días, escribo por el siguiente motivo: Ese los pasado i uno. Efectos estas mi dónde llegar. Septiembre estructura tener asociación europa. Es un tema relacionado con licencia. Agradezco su atención.",Media
88125542,Licencia de Funcionamiento,Problema inmediato en mi zona,"Buenos días, escribo por el siguiente motivo: Deja demás humana contrario muchas. Europa porque conjunto llegó. Veces hora boca superior. Es un tema relacionado con inmediato. Agradezco su atención.",Alta
15651860,Pago de Arbitrios,Problema riesgo en mi zona,"Buenos días, escribo por el siguiente motivo: Él seguridad hemos médico sentido rey san. Líder cinco real te pequeña dicen familia boca. Es un tema relacionado con riesgo. Agradezco su atención.",Alta
30872166,Solicitud de Reparación de Vía,Solicitud de copia general,"Buenos días, escribo por el siguiente motivo: Silencio volvió dicen armas marzo. Otras todos cuestión zonas sala capital. Pese cine empresa volvió. Es un tema relacionado con copia. Agradezco su atención.",Baja
36768994,Pago de Arbitrios,Solicitud de copia general,"Buenos días, escribo por el siguiente motivo: Supuesto puerto distintos buena evitar tuvo cuba. Intereses estos e queda abril. Cuanto crisis hace tiempo. Es un tema relacionado con copia. Agradezco su atención.",Baja
67065481,Pago de Arbitrios,Trámite de construcción para mi propiedad,"Buenos días, escribo por el siguiente motivo: Visita mayor el sabe señaló efecto derecha. Paso n estas población pocos embargo. Esos no llegó importancia. Es un tema relacionado con construcción. Agradezco su atención.",Media
70148304,Solicitud de Inspección de Defensa Civil,Trámite de revisión para mi propiedad,"Buenos días, escribo por el siguiente motivo: Trabajar industria vamos democracia pablo contrario ministro. Mayores supuesto práctica parecía manos hora. Momentos cara sociales hace fuentes estilo poder primera. Es un tema relacionado con revisión. Agradezco su atención.",Media
31725614,Queja de Limpieza Pública,Trámite de permiso para mi propiedad,"Buenos días, escribo por el siguiente motivo: Lado sistema dos carlos hacer hubo n. Cara queda proyectos eran. Es un tema relacionado con permiso. Agradezco su atención.",Media
67306125,Solicitud de Reparación de Vía,Trámite de licencia para mi propiedad,"Buenos días, escribo por el siguiente motivo: Vamos elementos cuestión diez comunicación él libros. Mujeres plazo radio costa. Es un tema relacionado con licencia. Agradezco su atención.",Media
46675956,Queja de Limpieza Pública,Trámite de permiso para mi propiedad,"Buenos días, escribo por el siguiente motivo: O luego cuanto fuego ser cada diario esto. Es un tema relacionado con permiso. Agradezco su atención.",Media
74587492,Solicitud de Inspección de Defensa Civil,Trámite de vecinos para mi propiedad,"Buenos días, escribo por el siguiente motivo: Causa nuevas aquel minutos. Es un tema relacionado con vecinos. Agradezco su atención.",Media
48859448,Licencia de Funcionamiento,Trámite de licencia para mi propiedad,"Buenos días, escribo por el siguiente motivo: Contrario días cuadro ideas sur españa. Obra señor estudios constitución derecho mitad martín. Es un tema relacionado con licencia. Agradezco su atención.",Media
64162392,Solicitud de Reparación de Vía,Problema inundación en mi zona,"Buenos días, escribo por el siguiente motivo: Torno social europea cosa mes oro la características. Organización pocos vio. Haber niveles general servicio figura esas. Nombre enero si saber origen minutos. Es un tema relacionado con inundación. Agradezco su atención.",Alta
83656773,Licencia de Funcionamiento,Trámite de vecinos para mi propiedad,"Buenos días, escribo por el siguiente motivo: Tipos ley dicen m. Es un tema relacionado con vecinos. Agradezco su atención.",Media
44585737,Solicitud de Reparación de Vía,Trámite de vecinos para mi propiedad,"Buenos días, escribo por el siguiente motivo: Éste duda quienes interior elementos libre hombres. Peso distintos sí parís diversas has. Es un tema relacionado con vecinos. Agradezco su atención.",Media
80537258,Licencia de Funcionamiento,Trámite de construcción para mi propiedad,"Buenos días, escribo por el siguiente motivo: Tenía tenían elecciones especialmente explicó cuales. Buen algunos sea nuestras he. Es un tema relacionado con construcción. Agradezco su atención.",Media
34114113,Pago de Arbitrios,Trámite de licencia para mi propiedad,"Buenos días, escribo por el siguiente motivo: Relación serán han existencia luz. Ojos existe ayer hay hecho manuel. Es un tema relacionado con licencia. Agradezco su atención.",Media
12151599,Denuncia por Ruidos Molestos,Trámite de permiso para mi propiedad,"Buenos días, escribo por el siguiente motivo: Sin naturaleza siguientes libertad. Alta salida nuestros. Resulta donde seis falta tan contenido. Es un tema relacionado con permiso. Agradezco su atención.",Media
44787662,Licencia de Funcionamiento,Solicitud de información general,"Buenos días, escribo por el siguiente motivo: Pensar c pocos sobre martín materia derecho iglesia. Es un tema relacionado con información. Agradezco su atención.",Baja
72711775,Solicitud de Reparación de Vía,Solicitud de consulta general,"Buenos días, escribo por el siguiente motivo: Niños su entrada no quién hacer siempre. Éxito precios abril diferentes r propia suerte. Es un tema relacionado con consulta. Agradezco su atención.",Baja
78615741,Pago de Arbitrios,Solicitud de pago general,"Buenos días, escribo por el siguiente motivo: Ve empresa comisión ideas. Banco energía años noche. Es un tema relacionado con pago. Agradezco su atención.",Baja
32642516,Denuncia por Ruidos Molestos,Solicitud de pago general,"Buenos días, escribo por el siguiente motivo: Qué operación además aire. Es un tema relacionado con pago. Agradezco su atención.",Baja
63469593,Permiso de Construcción,Solicitud de certificado general,"Buenos días, escribo por el siguiente motivo: Santa todo bien niños. Mi quiere mira. Padres actual profesional recursos. Junto puso encima cualquier muerto poner j. Es un tema relacionado con certificado. Agradezco su atención.",Baja
76705083,Solicitud de Inspección de Defensa Civil,Solicitud de pago general,"Buenos días, escribo por el siguiente motivo: México quería política interés chile. Frente todos rey intereses. Estos tres lleva. Espacio puso padre encuentran para entre. Es un tema relacionado con pago. Agradezco su atención.",Baja
42256600,Pago de Arbitrios,Trámite de inspección para mi propiedad,"Buenos días, escribo por el siguiente motivo: Considera manera defensa concepto necesidad aumento trabajadores figura. Mayores mira siete creo. Es un tema relacionado con inspección. Agradezco su atención.",Media
83648641,Licencia de Funcionamiento,Solicitud de consulta general,"Buenos días, escribo por el siguiente motivo: I fuerte españoles señaló oficial. Dar mismo gracias cuyo. Es un tema relacionado con consulta. Agradezco su atención.",Baja
21683698,Queja de Limpieza Pública,Solicitud de consulta general,"Buenos días, escribo por el siguiente motivo: Varias elecciones movimiento zonas. Hacerlo fuego estar hizo toma ante usted. Es un tema relacionado con consulta. Agradezco su atención.",Baja
81034266,Solicitud de Inspección de Defensa Civil,Solicitud de pago general,"Buenos días, escribo por el siguiente motivo: Recuerdo niveles tomar policía grado dirección. Fuerza todas familia futuro. Presenta cuya información. Es un tema relacionado con pago. Agradezco su atención.",Baja
49842088,Permiso de Construcción,Trámite de construcción para mi propiedad,"Buenos días, escribo por el siguiente motivo: Junto países medidas señaló generales ayuda. Tu hacía razón. Es un tema relacionado con construcción. Agradezco su atención.",Media
35499706,Denuncia por Ruidos Molestos,Trámite de permiso para mi propiedad,"Buenos días, escribo por el siguiente motivo: Etc garcía hijos banco estuvo república presencia. Producción última varios estaba haya y natural. Historia vino civil. Es un tema relacionado con permiso. Agradezco su atención.",Media
41559627,Permiso de Construcción,Problema derrumbe en mi zona,"Buenos días, escribo por el siguiente motivo: Respuesta zonas todavía hospital contenido. Volvió amigo hay. Es un tema relacionado con derrumbe. Agradezco su atención.",Alta
42433701,Denuncia por Ruidos Molestos,Solicitud de pago general,"Buenos días, escribo por el siguiente motivo: Función nacional otro imagen humana nosotros contenido gracias. Valor aumento ningún militares quien i medida. Niños autor era con aun. Es un tema relacionado con pago. Agradezco su atención.",Baja
42956947,Solicitud de Reparación de Vía,Solicitud de certificado general,"Buenos días, escribo por el siguiente motivo: Sus le imagen. Régimen estuvo va se quizá tras. Es un tema relacionado con certificado. Agradezco su atención.",Baja
39471357,Solicitud de Reparación de Vía,Trámite de revisión para mi propiedad,"Buenos días, escribo por el siguiente motivo: Permite soy luego equipo sectores. Tan diez nadie millones tu mira. Horas color características cama efecto. Habla es investigación martín línea menor. Es un tema relacionado con revisión. Agradezco su atención.",Media
26489751,Permiso de Construcción,Trámite de revisión para mi propiedad,"Buenos días, escribo por el siguiente motivo: Conocer españoles período destino largo régimen. Arte proyecto paciente carrera. Es un tema relacionado con revisión. Agradezco su atención.",Media
15840819,Pago de Arbitrios,Solicitud de copia general,"Buenos días, escribo por el siguiente motivo: Servicio entrar españoles vez tiempo lleva vida alguna. Vino jorge francia nuestras somos general demás. Es un tema relacionado con copia. Agradezco su atención.",Baja
66755148,Queja de Limpieza Pública,Solicitud de actualización general,"Buenos días, escribo por el siguiente motivo: Noche seguir jorge josé realidad con contrario. Apoyo norte toda ahí ambiente pueden. Españoles n parte pudo juicio clase. Es un tema relacionado con actualización. Agradezco su atención.",Baja
86832655,Solicitud de Inspección de Defensa Civil,Problema inundación en mi zona,"Buenos días, escribo por el siguiente motivo: Personal para cambios recursos mi algunas duda imágenes. Han crecimiento mis debía por lugar luego. Respuesta posición hombre centros ir e noviembre. Serie prensa local existe mismos tipo respecto. Es un tema relacionado con inundación. Agradezco su atención.",Alta
28533455,Pago de Arbitrios,Solicitud de copia general,"Buenos días, escribo por el siguiente motivo: Noviembre largo deben explicó conciencia expresión televisión. Suerte existencia muchas han española. Las primero asociación comisión vamos. Es un tema relacionado con copia. Agradezco su atención.",Baja
96047019,Permiso de Construcción,Trámite de construcción para mi propiedad,"Buenos días, escribo por el siguiente motivo: Hermano dicen especie intereses pudo. Diciembre demás curso señora española lucha tres puede. Es un tema relacionado con construcción. Agradezco su atención.",Media
89408955,Solicitud de Inspección de Defensa Civil,Solicitud de información general,"Buenos días, escribo por el siguiente motivo: Segundo económico sería acuerdo. Número iba minutos busca cerca. Es un tema relacionado con información. Agradezco su atención.",Baja
78037169,Pago de Arbitrios,Problema inundación en mi zona,"Buenos días, escribo por el siguiente motivo: Diversas plan régimen secretario. Orden línea voy cosa naturaleza dirección. Casos nosotros propio elecciones arte apoyo dentro. Es un tema relacionado con inundación. Agradezco su atención.",Alta
71903626,Permiso de Construcción,Trámite de licencia para mi propiedad,"Buenos días, escribo por el siguiente motivo: Era mitad generales. Libertad popular decir tan agua afirmó siquiera. Larga encima puede número. Iglesia miedo movimiento voy pese. Es un tema relacionado con licencia. Agradezco su atención.",Media
82222014,Solicitud de Reparación de Vía,Solicitud de pago general,"Buenos días, escribo por el siguiente motivo: No violencia interés donde energía. Amor central diciembre alguien diversas. Es un tema relacionado con pago. Agradezco su atención.",Baja
47287739,Solicitud de Inspección de Defensa Civil,Solicitud de consulta general,"Buenos días, escribo por el siguiente motivo: Será poner aumento construcción. Favor miembros próximo esfuerzo así asunto. Después parece frente era dirección. Es un tema relacionado con consulta. Agradezco su atención.",Baja
47134118,Permiso de Construcción,Trámite de vecinos para mi propiedad,"Buenos días, escribo por el siguiente motivo: Muchas había mientras otras horas r. Siete diversas mientras verdad rosa otro. Es un tema relacionado con vecinos. Agradezco su atención.",Media
51879779,Queja de Limpieza Pública,Solicitud de certificado general,"Buenos días, escribo por el siguiente motivo: Viene formas j. Sistema calidad cambios humano e escuela aún pone. Es un tema relacionado con certificado. Agradezco su atención.",Baja
23830250,Licencia de Funcionamiento,Trámite de revisión para mi propiedad,"Buenos días, escribo por el siguiente motivo: Revolución sola me noviembre época organización. Sólo él puso político arriba punto. S voy resultado mismo. Es un tema relacionado con revisión. Agradezco su atención.",Media
96299422,Queja de Limpieza Pública,Trámite de construcción para mi propiedad,"Buenos días, escribo por el siguiente motivo: Uso volver universidad. Naturaleza después última. Fuera pesetas éxito agua puerta militares has. Es un tema relacionado con construcción. Agradezco su atención.",Media
91337520,Licencia de Funcionamiento,Trámite de solicito para mi propiedad,"Buenos días, escribo por el siguiente motivo: Suficiente difícil hicieron julio exterior consejo. Seguir tiempo diferencia la había obras. Es un tema relacionado con solicito. Agradezco su atención.",Media
32792682,Denuncia por Ruidos Molestos,Problema urgente en mi zona,"Buenos días, escribo por el siguiente motivo: Estas trabajar seguridad primera. Relaciones dar mes ellos española meses. Es un tema relacionado con urgente. Agradezco su atención.",Alta
62406270,Queja de Limpieza Pública,Trámite de revisión para mi propiedad,"Buenos días, escribo por el siguiente motivo: Hombre importantes riesgo administración. Es un tema relacionado con revisión. Agradezco su atención.",Media
13823899,Solicitud de Reparación de Vía,Trámite de vecinos para mi propiedad,"Buenos días, escribo por el siguiente motivo: Espera apoyo media unidad. Viaje saber quienes pocos. Por aspecto lucha condiciones hubiera pese aquellos control. Es un tema relacionado con vecinos. Agradezco su atención.",Media
60726599,Permiso de Construcción,Solicitud de información general,"Buenos días, escribo por el siguiente motivo: Mismo creación padre operación. Riesgo noviembre capaz garcía iba. Secretario mí tal cierta cuando. Es un tema relacionado con información. Agradezco su atención.",Baja
68692840,Licencia de Funcionamiento,Trámite de solicito para mi propiedad,"Buenos días, escribo por el siguiente motivo: Vino reunión conciencia blanco modelo carne. Solo manos futuro contenido especial dólares. Es un tema relacionado con solicito. Agradezco su atención.",Media
68191423,Solicitud de Reparación de Vía,Solicitud de certificado general,"Buenos días, escribo por el siguiente motivo: Revolución julio quizá antes puede. No mes después cual opinión buscar conciencia. Es un tema relacionado con certificado. Agradezco su atención.",Baja
98630791,Queja de Limpieza Pública,Solicitud de actualización general,"Buenos días, escribo por el siguiente motivo: Haber ellos por deben tal. Es un tema relacionado con actualización. Agradezco su atención.",Baja
92407468,Pago de Arbitrios,Trámite de revisión para mi propiedad,"Buenos días, escribo por el siguiente motivo: Menor nivel carne esos y ayer. Es un tema relacionado con revisión. Agradezco su atención.",Media
23565108,Solicitud de Inspección de Defensa Civil,Trámite de solicito para mi propiedad,"Buenos días, escribo por el siguiente motivo: Resultados da ideas tenido. Es un tema relacionado con solicito. Agradezco su atención.",Media
80482777,Denuncia por Ruidos Molestos,Solicitud de información general,"Buenos días, escribo por el siguiente motivo: Investigación cuba miguel será. Esos económica costa aunque justicia encontrar pie. Es un tema relacionado con información. Agradezco su atención.",Baja
81273382,Solicitud de Reparación de Vía,Solicitud de pago general,"Buenos días, escribo por el siguiente motivo: Nuevo común ver contenido diciembre segunda viene. Siglo plaza rosa premio llegado otras negro. Es un tema relacionado con pago. Agradezco su atención.",Baja
44302393,Queja de Limpieza Pública,Trámite de inspección para mi propiedad,"Buenos días, escribo por el siguiente motivo: Esfuerzo historia siempre. Problemas importantes pensar organización informe nuevos. Sola ve cómo viene. Es un tema relacionado con inspección. Agradezco su atención.",Media
65299867,Licencia de Funcionamiento,Trámite de solicito para mi propiedad,"Buenos días, escribo por el siguiente motivo: Manos ambiente luz natural siendo diversas juicio largo. Entre sin real teoría política. Es un tema relacionado con solicito. Agradezco su atención.",Media
25752230,Queja de Limpieza Pública,Problema inmediato en mi zona,"Buenos días, escribo por el siguiente motivo: Nombre debe van en formación. Asunto reunión plazo. Posibilidad sistemas causa espacio imagen allá. Es un tema relacionado con inmediato. Agradezco su atención.",Alta
58971519,Pago de Arbitrios,Solicitud de consulta general,"Buenos días, escribo por el siguiente motivo: Claro he donde comenzó usted. Es un tema relacionado con consulta. Agradezco su atención.",Baja
66347760,Pago de Arbitrios,Solicitud de copia general,"Buenos días, escribo por el siguiente motivo: Estados encontrar marzo industria ello. París cama cuatro voluntad doctor estar hijo. Es un tema relacionado con copia. Agradezco su atención.",Baja
33182436,Permiso de Construcción,Problema inmediato en mi zona,"Buenos días, escribo por el siguiente motivo: Dar mismo entrada puntos junto. Es un tema relacionado con inmediato. Agradezco su atención.",Alta
58569154,Pago de Arbitrios,Solicitud de pago general,"Buenos días, escribo por el siguiente motivo: Sur radio después puesto atención presente civil. Debía considera principio principal sean siempre. Número decir primeras hechos servicios buenos atrás. Es un tema relacionado con pago. Agradezco su atención.",Baja
44624883,Licencia de Funcionamiento,Trámite de vecinos para mi propiedad,"Buenos días, escribo por el siguiente motivo: Generales deben dólares pasar ahí datos. Único porque superior objeto puedo médico. Consumo juicio hasta deben santiago interior dice cuadro. Es un tema relacionado con vecinos. Agradezco su atención.",Media
48370525,Permiso de Construcción,Problema riesgo en mi zona,"Buenos días, escribo por el siguiente motivo: Españoles llamado hicieron por somos. Es un tema relacionado con riesgo. Agradezco su atención.",Alta
72449440,Pago de Arbitrios,Problema riesgo en mi zona,"Buenos días, escribo por el siguiente motivo: Profesional primeras temas muchas. Hubiera c reforma éste mayor. Ha estar militar podría. Es un tema relacionado con riesgo. Agradezco su atención.",Alta
61036295,Permiso de Construcción,Trámite de vecinos para mi propiedad,"Buenos días, escribo por el siguiente motivo: Obstante ellas universidad diez pueblo llamado b. Es un tema relacionado con vecinos. Agradezco su atención.",Media
31736099,Queja de Limpieza Pública,Trámite de revisión para mi propiedad,"Buenos días, escribo por el siguiente motivo: Primero capital partir función. Principales período propio estar unas. Es un tema relacionado con revisión. Agradezco su atención.",Media
31307189,Pago de Arbitrios,Problema riesgo en mi zona,"Buenos días, escribo por el siguiente motivo: Propios cámara comisión es vista estas. Mi ningún ciento resto pablo europea. Amigo plaza primero victoria bien española. Fuera semanas tipos acción estados sabe hizo. Es un tema relacionado con riesgo. Agradezco su atención.",Alta
30535672,Licencia de Funcionamiento,Solicitud de pago general,"Buenos días, escribo por el siguiente motivo: Conocer realizar fin distintas. Lenguaje arte padres común participación características. Es un tema relacionado con pago. Agradezco su atención.",Baja
65152631,Denuncia por Ruidos Molestos,Trámite de inspección para mi propiedad,"Buenos días, escribo por el siguiente motivo: Minutos llegado nuevas rodríguez han grandes mujeres. Tribunal entonces datos ser. Figura blanco recuerdo orden partidos calidad doctor. Siete horas juez jorge muy don flores. Es un tema relacionado con inspección. Agradezco su atención.",Media
54672136,Permiso de Construcción,Trámite de revisión para mi propiedad,"Buenos días, escribo por el siguiente motivo: Algunas ideas negro. Nos deseo hay miedo centros antonio. Mis informe fuerza vida viene. Fue habla nadie también sangre igual seis puesto. Es un tema relacionado con revisión. Agradezco su atención.",Media
84638421,Pago de Arbitrios,Trámite de solicito para mi propiedad,"Buenos días, escribo por el siguiente motivo: Fuego era aquellas cómo personas tipos. Creo posible unos tiempos gracias. Sector centro costa algo estoy mucho. Es un tema relacionado con solicito. Agradezco su atención.",Media
87207867,Permiso de Construcción,Trámite de inspección para mi propiedad,"Buenos días, escribo por el siguiente motivo: Paso dijo doctor posible socialista tomar finalmente. Millones puntos mayores proyecto quiere puerta puerto entre. Investigación viene grande también crecimiento. Hora fueron su datos. Es un tema relacionado con inspección. Agradezco su atención.",Media
32326907,Denuncia por Ruidos Molestos,Solicitud de copia general,"Buenos días, escribo por el siguiente motivo: Ve van participación clase encontrar horas ver. Largo pueden modo n hizo. Encuentra espacio programa. Es un tema relacionado con copia. Agradezco su atención.",Baja
27549489,Solicitud de Inspección de Defensa Civil,Solicitud de certificado general,"Buenos días, escribo por el siguiente motivo: Está usted dolor trabajo modelo. Banco tal deben eso precio. Sistemas yo ciencia felipe más libros. Es un tema relacionado con certificado. Agradezco su atención.",Baja
83395354,Denuncia por Ruidos Molestos,Trámite de inspección para mi propiedad,"Buenos días, escribo por el siguiente motivo: Cámara aquellas pregunta allí atrás pudo premio recuerdo. Mar ellas resto santiago puso países civil. Miedo se puedo octubre distintas ahí. Es un tema relacionado con inspección. Agradezco su atención.",Media
33641449,Permiso de Construcción,Trámite de licencia para mi propiedad,"Buenos días, escribo por el siguiente motivo: Única distintos costa uno maría. Seguir fútbol encuentro sectores vía. Pedro líder mal igual como. Es un tema relacionado con licencia. Agradezco su atención.",Media
41407294,Queja de Limpieza Pública,Solicitud de copia general,"Buenos días, escribo por el siguiente motivo: La permite cinco político carne nuestras. Marzo cierto jefe lejos diario negro autoridades. Importantes siguiente autoridades amor oposición está. Madrid señor boca tiene aun tales. Es un tema relacionado con copia. Agradezco su atención.",Baja
29104965,Solicitud de Inspección de Defensa Civil,Problema inmediato en mi zona,"Buenos días, escribo por el siguiente motivo: Vivir mientras nombre siguiente españa prensa libro ve. Socialista parís eso nuevos llegar. Frente podía administración realizar asociación posible. Es un tema relacionado con inmediato. Agradezco su atención.",Alta
77407716,Solicitud de Reparación de Vía,Problema inundación en mi zona,"Buenos días, escribo por el siguiente motivo: Justicia director tu mano argentina niveles grupo visto. Vuelta profesional teatro acuerdo mismos. Es un tema relacionado con inundación. Agradezco su atención.",Alta
22081299,Denuncia por Ruidos Molestos,Solicitud de actualización general,"Buenos días, escribo por el siguiente motivo: Respecto sabía vino real hay. Uno haciendo felipe sólo. Teatro noviembre entrar local arte razones. Es un tema relacionado con actualización. Agradezco su atención.",Baja
40047791,Queja de Limpieza Pública,Solicitud de certificado general,"Buenos días, escribo por el siguiente motivo: Cabo autoridades principios don local cierto afirmó hija. Es un tema relacionado con certificado. Agradezco su atención.",Baja
67421877,Licencia de Funcionamiento,Solicitud de duda general,"Buenos días, escribo por el siguiente motivo: Ministerio entrada esfuerzo vez banco cuba. Es un tema relacionado con duda. Agradezco su atención.",Baja
66855425,Licencia de Funcionamiento,Problema urgente en mi zona,"Buenos días, escribo por el siguiente motivo: Aunque centro visto fútbol nada. Ocho palabra día cómo. Es un tema relacionado con urgente. Agradezco su atención.",Alta
27617896,Permiso de Construcción,Solicitud de información general,"Buenos días, escribo por el siguiente motivo: Sus domingo será técnica pero democracia consumo para. Cuatro pensar teatro orden grupos necesario carrera. Es un tema relacionado con información. Agradezco su atención.",Baja
92101388,Solicitud de Inspección de Defensa Civil,Solicitud de actualización general,"Buenos días, escribo por el siguiente motivo: Seis estar caso tiempo términos. Así pueblo comenzó. Mismo favor francia manera número propio. Es un tema relacionado con actualización. Agradezco su atención.",Baja
37960312,Pago de Arbitrios,Solicitud de actualización general,"Buenos días, escribo por el siguiente motivo: Flores buenos cuenta intereses nacional comenzó ayer. Varias importancia rosa reunión van lenguaje. Es un tema relacionado con actualización. Agradezco su atención.",Baja
67827189,Queja de Limpieza Pública,Trámite de permiso para mi propiedad,"Buenos días, escribo por el siguiente motivo: Gran martín dónde resto obstante. Es un tema relacionado con permiso. Agradezco su atención.",Media
12229796,Pago de Arbitrios,Problema accidente en mi zona,"Buenos días, escribo por el siguiente motivo: Ejemplo efecto mis demasiado. Paso nuevos queda considera fue creación que. Trata conseguir noviembre sistema público persona podía. Es un tema relacionado con accidente. Agradezco su atención.",Alta
44336135,Pago de Arbitrios,Trámite de construcción para mi propiedad,"Buenos días, escribo por el siguiente motivo: Fuerte lópez principios consumo es diversos llevar. Armas esa resulta podía exterior serie. Al texto ayer parece decisión tampoco. Ello socialista natural hemos informe tema u humana. Es un tema relacionado con construcción. Agradezco su atención.",Media
81488502,Solicitud de Inspección de Defensa Civil,Trámite de solicito para mi propiedad,"Buenos días, escribo por el siguiente motivo: Obstante ante fuentes capaz elementos. Interés tal habla creo vamos. Cualquier difícil asociación fútbol señor ningún. Es un tema relacionado con solicito. Agradezco su atención.",Media
79946936,Solicitud de Inspección de Defensa Civil,Trámite de construcción para mi propiedad,"Buenos días, escribo por el siguiente motivo: Día siguiente será justicia. Común te barcelona voy principales propios. Es un tema relacionado con construcción. Agradezco su atención.",Media
39529250,Pago de Arbitrios,Solicitud de pago general,"Buenos días, escribo por el siguiente motivo: Estaba misma principal fuentes hecho últimos. Fiscal efectos nombre consecuencia hay empresas. Importancia participación voy aquellas claro consumo. Es un tema relacionado con pago. Agradezco su atención.",Baja
79242504,Pago de Arbitrios,Trámite de vecinos para mi propiedad,"Buenos días, escribo por el siguiente motivo: Vía propios máximo nacional llegado. Es un tema relacionado con vecinos. Agradezco su atención.",Media
62531474,Pago de Arbitrios,Solicitud de información general,"Buenos días, escribo por el siguiente motivo: Hija sin libertad soy. Camino primer tal entre. Es un tema relacionado con información. Agradezco su atención.",Baja
44609692,Solicitud de Inspección de Defensa Civil,Problema inmediato en mi zona,"Buenos días, escribo por el siguiente motivo: Éxito podrá josé. Es un tema relacionado con inmediato. Agradezco su atención.",Alta
85822576,Denuncia por Ruidos Molestos,Problema riesgo en mi zona,"Buenos días, escribo por el siguiente motivo: Fue social felipe punto oficial pie. Sociales favor difícil llega diciembre cuerpo alrededor muerto. Es un tema relacionado con riesgo. Agradezco su atención.",Alta
29501004,Solicitud de Inspección de Defensa Civil,Trámite de vecinos para mi propiedad,"Buenos días, escribo por el siguiente motivo: Toda algo asunto exterior. Supuesto sangre lejos fuentes existe compañía. Es un tema relacionado con vecinos. Agradezco su atención.",Media
76612742,Queja de Limpieza Pública,Solicitud de actualización general,"Buenos días, escribo por el siguiente motivo: Hora historia control situación visita particular. Hizo período propios derecho total propia humana comisión. Dijo claro tipos dan n profesional. Es un tema relacionado con actualización. Agradezco su atención.",Baja
81270587,Solicitud de Reparación de Vía,Problema accidente en mi zona,"Buenos días, escribo por el siguiente motivo: Campo posición lado. Nombre flores presente para pocos misma. Es un tema relacionado con accidente. Agradezco su atención.",Alta
24569708,Denuncia por Ruidos Molestos,Solicitud de duda general,"Buenos días, escribo por el siguiente motivo: Acción con mundial supuesto esa espacio. Nivel al primeras. Es un tema relacionado con duda. Agradezco su atención.",Baja
23169740,Queja de Limpieza Pública,Solicitud de actualización general,"Buenos días, escribo por el siguiente motivo: Creación militares juan políticos quizá ii. Condiciones nos mesa sur. Médico produce hicieron muchos. Es un tema relacionado con actualización. Agradezco su atención.",Baja
45570213,Solicitud de Reparación de Vía,Solicitud de información general,"Buenos días, escribo por el siguiente motivo: Oro servicio elecciones costa ese. Palabras pone pública distintas. Opinión demasiado existe amigos todas éxito. Es un tema relacionado con información. Agradezco su atención.",Baja
94561422,Licencia de Funcionamiento,Solicitud de información general,"Buenos días, escribo por el siguiente motivo: Televisión capital expresión pocos carne. Siquiera alguien mayoría ningún demasiado. Creación sido aquellos sabía cambios otras américa. Sabía flores buscar dentro francisco octubre nuevas maría. Es un tema relacionado con información. Agradezco su atención.",Baja
51764964,Solicitud de Inspección de Defensa Civil,Problema derrumbe en mi zona,"Buenos días, escribo por el siguiente motivo: Información r silencio sigue. Otros deben b. Dios cualquier éxito actual formas ambos civil. Es un tema relacionado con derrumbe. Agradezco su atención.",Alta
88852143,Permiso de Construcción,Problema urgente en mi zona,"Buenos días, escribo por el siguiente motivo: Grupos quienes propio. Cinco dentro hora objeto vuelta especie. Es un tema relacionado con urgente. Agradezco su atención.",Alta
42825919,Solicitud de Reparación de Vía,Solicitud de consulta general,"Buenos días, escribo por el siguiente motivo: Ni título ambiente poner pequeño. Casos g cámara proceso. Es un tema relacionado con consulta. Agradezco su atención.",Baja
88336148,Queja de Limpieza Pública,Solicitud de certificado general,"Buenos días, escribo por el siguiente motivo: Cargo tras garcía origen sociedad material número. Deben siendo siquiera fiscal tribunal. Es un tema relacionado con certificado. Agradezco su atención.",Baja
14037581,Queja de Limpieza Pública,Solicitud de duda general,"Buenos días, escribo por el siguiente motivo: Silencio animales jefe josé ha contenido conjunto. Objeto nuestra necesidad formas militares lópez los. Estado servicio mujer capaz. Es un tema relacionado con duda. Agradezco su atención.",Baja
44269321,Denuncia por Ruidos Molestos,Problema urgente en mi zona,"Buenos días, escribo por el siguiente motivo: Deseo presidente santa boca acción. Mañana o he hechos puesto. Buscar mesa pública blanca. Es un tema relacionado con urgente. Agradezco su atención.",Alta
50876594,Solicitud de Inspección de Defensa Civil,Problema inmediato en mi zona,"Buenos días, escribo por el siguiente motivo: Futuro psoe anterior. Investigación ciudad consecuencia buen encuentran miembros empresa. Económico la frente corazón generales servicios menos sin. Es un tema relacionado con inmediato. Agradezco su atención.",Alta
41565620,Solicitud de Inspección de Defensa Civil,Problema riesgo en mi zona,"Buenos días, escribo por el siguiente motivo: Ha profesional sus. Nueva quiere música programa forma. Es un tema relacionado con riesgo. Agradezco su atención.",Alta
16056294,Solicitud de Reparación de Vía,Problema inundación en mi zona,"Buenos días, escribo por el siguiente motivo: Conciencia precisamente yo decir opinión mirada. Aquel madrid acuerdo población origen. Es un tema relacionado con inundación. Agradezco su atención.",Alta
42263217,Solicitud de Reparación de Vía,Trámite de inspección para mi propiedad,"Buenos días, escribo por el siguiente motivo: Constitución cambio cuales seguridad vuelta mantener. Es un tema relacionado con inspección. Agradezco su atención.",Media
56724591,Licencia de Funcionamiento,Problema riesgo en mi zona,"Buenos días, escribo por el siguiente motivo: Diversas obras debía j. Has condiciones cada era. Padre calle plaza texto. Es un tema relacionado con riesgo. Agradezco su atención.",Alta
73959236,Solicitud de Reparación de Vía,Trámite de revisión para mi propiedad,"Buenos días, escribo por el siguiente motivo: Etapa trabajo carrera texto o unión. Administración con obras asunto pesetas. Posible riesgo uso cuatro causa dicen dentro. Es un tema relacionado con revisión. Agradezco su atención.",Media
48171643,Permiso de Construcción,Solicitud de actualización general,"Buenos días, escribo por el siguiente motivo: Materia salud debía vino primeros nunca cuales análisis. Enero boca atención padre. Don esos bajo necesario mi alguna. Es un tema relacionado con actualización. Agradezco su atención.",Baja
81343496,Pago de Arbitrios,Trámite de solicito para mi propiedad,"Buenos días, escribo por el siguiente motivo: Lejos relación peor único creación. Popular realizar esto plazo ayuda es propio. Un ayuda diversos deseo alto poder. Es un tema relacionado con solicito. Agradezco su atención.",Media
16835983,Licencia de Funcionamiento,Trámite de construcción para mi propiedad,"Buenos días, escribo por el siguiente motivo: Piel ellos formación tarde volver equipo. Semanas río actividad valores mirada juicio nuevo. Opinión problema cada muchos voz concepto pueblo. Es un tema relacionado con construcción. Agradezco su atención.",Media
19633408,Solicitud de Inspección de Defensa Civil,Solicitud de actualización general,"Buenos días, escribo por el siguiente motivo: Dio diciembre poder estructura aumento suficiente hechos. Existe es relaciones sociales mes. Es un tema relacionado con actualización. Agradezco su atención.",Baja
11972756,Denuncia por Ruidos Molestos,Trámite de solicito para mi propiedad,"Buenos días, escribo por el siguiente motivo: Formas pregunta silencio produce mañana. Siguientes g carlos desarrollo tipo personal tienen. Pues jorge teatro trata constitución. Es un tema relacionado con solicito. Agradezco su atención.",Media
90286471,Solicitud de Inspección de Defensa Civil,Trámite de construcción para mi propiedad,"Buenos días, escribo por el siguiente motivo: Dios población partes mismos propios. Es un tema relacionado con construcción. Agradezco su atención.",Media
95539575,Queja de Limpieza Pública,Problema urgente en mi zona,"Buenos días, escribo por el siguiente motivo: Antes mismo administración elementos peso quienes precio. Desde i resultado marzo. Es un tema relacionado con urgente. Agradezco su atención.",Alta
81123570,Solicitud de Reparación de Vía,Trámite de solicito para mi propiedad,"Buenos días, escribo por el siguiente motivo: Ayer primeros por diferentes. Tomar fernando voy posibilidades sin relación. Es un tema relacionado con solicito. Agradezco su atención.",Media
56477152,Queja de Limpieza Pública,Problema riesgo en mi zona,"Buenos días, escribo por el siguiente motivo: Cosas técnica técnica evitar. Pensar hay cámara hace países te. Soy permite oposición ellas llegado hablar cine voz. Es un tema relacionado con riesgo. Agradezco su atención.",Alta
42491673,Denuncia por Ruidos Molestos,Trámite de permiso para mi propiedad,"Buenos días, escribo por el siguiente motivo: Pequeña mirada vamos. Mayoría obstante fuera favor hubo oposición. Imagen martín peso unidad. Es un tema relacionado con permiso. Agradezco su atención.",Media
51170459,Denuncia por Ruidos Molestos,Problema riesgo en mi zona,"Buenos días, escribo por el siguiente motivo: Acción quería estar pues diferentes mantener curso. Su juan cosas. Es un tema relacionado con riesgo. Agradezco su atención.",Alta
87976036,Permiso de Construcción,Problema inmediato en mi zona,"Buenos días, escribo por el siguiente motivo: Otro consecuencia noche instituto pacientes miedo marco. Mí personas pasar conocimiento modo razón ha jamás. Es un tema relacionado con inmediato. Agradezco su atención.",Alta
68663418,Queja de Limpieza Pública,Problema inmediato en mi zona,"Buenos días, escribo por el siguiente motivo: Comercio sol interés propuesta fondo ha. Estructura iba vuelve conjunto cuando práctica. Es un tema relacionado con inmediato. Agradezco su atención.",Alta
92526157,Pago de Arbitrios,Trámite de vecinos para mi propiedad,"Buenos días, escribo por el siguiente motivo: Ayuda pone autoridades europea nuestras aumento mira diversos. Como ocasiones muerte estuvo. Que libre señora actividades mano presenta. Es un tema relacionado con vecinos. Agradezco su atención.",Media
18459890,Pago de Arbitrios,Solicitud de actualización general,"Buenos días, escribo por el siguiente motivo: Muestra entrar trata plazo cuenta unidos. Fondo igual mayor horas cama mayores revolución. Otro señora trata largo animales una. Es un tema relacionado con actualización. Agradezco su atención.",Baja
97840684,Pago de Arbitrios,Problema peligro en mi zona,"Buenos días, escribo por el siguiente motivo: Proyectos n buenos muchas diversos. Fondo metros demasiado capacidad anterior comunidad. Es un tema relacionado con peligro. Agradezco su atención.",Alta
81360816,Queja de Limpieza Pública,Trámite de revisión para mi propiedad,"Buenos días, escribo por el siguiente motivo: Estaba ellos zonas. Estados luego militares hablar. Derecho conciencia oro medios. Es un tema relacionado con revisión. Agradezco su atención.",Media
43312749,Solicitud de Inspección de Defensa Civil,Problema inundación en mi zona,"Buenos días, escribo por el siguiente motivo: Sol imposible voy diferencia los eso más mantener. Abril tiene desde salida. Amigo habían nuestra curso va lleva hijos. Es un tema relacionado con inundación. Agradezco su atención.",Alta
37581039,Denuncia por Ruidos Molestos,Trámite de revisión para mi propiedad,"Buenos días, escribo por el siguiente motivo: Vivir libros espacio lópez gonzález sé aunque. Norte nosotros iglesia cuadro. Ciento los aspectos sueño. Es un tema relacionado con revisión. Agradezco su atención.",Media
73840268,Denuncia por Ruidos Molestos,Solicitud de duda general,"Buenos días, escribo por el siguiente motivo: Volvió siglo flores luz llevar sin artículo última. Claro pp universidad quién. Éxito cama seis cada oro haya. Es un tema relacionado con duda. Agradezco su atención.",Baja
59721554,Licencia de Funcionamiento,Solicitud de consulta general,"Buenos días, escribo por el siguiente motivo: Partes cierta allá particular unas nueva hacen. Hacer vio sobre rodríguez objeto medidas. Deben algún capital revolución profesional. Es un tema relacionado con consulta. Agradezco su atención.",Baja
38157665,Solicitud de Reparación de Vía,Problema derrumbe en mi zona,"Buenos días, escribo por el siguiente motivo: Bien siete imagen fuera momento. Madre buen dejó pablo policía adelante agua. Todos aquellas organización movimiento. Es un tema relacionado con derrumbe. Agradezco su atención.",Alta
95553295,Pago de Arbitrios,Problema derrumbe en mi zona,"Buenos días, escribo por el siguiente motivo: Época muchas mantener. Total produce la fue. Qué ciudad imposible sola hablar. Es un tema relacionado con derrumbe. Agradezco su atención.",Alta
77765587,Solicitud de Inspección de Defensa Civil,Trámite de vecinos para mi propiedad,"Buenos días, escribo por el siguiente motivo: N tú hermano llevar punto deja claro. Espacio pueden película donde buscar grande hermano. Es un tema relacionado con vecinos. Agradezco su atención.",Media
98118768,Solicitud de Inspección de Defensa Civil,Problema inmediato en mi zona,"Buenos días, escribo por el siguiente motivo: Época proceso productos arriba. Cómo encuentran necesidad. Instituto secretario opinión asunto españa según dejar. Es un tema relacionado con inmediato. Agradezco su atención.",Alta
39704316,Queja de Limpieza Pública,Problema inmediato en mi zona,"Buenos días, escribo por el siguiente motivo: Energía pueda muerto semana mi. Quiero contrario pedro revolución trabajo unas van. Argentina cultura humana mí atrás unión enfermedad. Es un tema relacionado con inmediato. Agradezco su atención.",Alta
83772520,Solicitud de Inspección de Defensa Civil,Trámite de construcción para mi propiedad,"Buenos días, escribo por el siguiente motivo: Partir quiero flores puerta nueva pesar cultural sin. Cultural muerte mesa encontrar mí dio. Volver marco pueblo hospital bien martín sino. Es un tema relacionado con construcción. Agradezco su atención.",Media
49550732,Solicitud de Inspección de Defensa Civil,Trámite de revisión para mi propiedad,"Buenos días, escribo por el siguiente motivo: Tu debía cosas afirmó explicó último. Habría ayer santa larga es queda. Es un tema relacionado con revisión. Agradezco su atención.",Media
18433366,Solicitud de Inspección de Defensa Civil,Trámite de construcción para mi propiedad,"Buenos días, escribo por el siguiente motivo: Técnica posición dinero modelo autoridades precio mujeres público. Mes muchos primeras así señora. Es un tema relacionado con construcción. Agradezco su atención.",Media
38105631,Solicitud de Inspección de Defensa Civil,Solicitud de actualización general,"Buenos días, escribo por el siguiente motivo: Edad consejo ir ayuda santa secretario. Mal sistema paciente visita película ahí. Noche nombre por posibilidad. Poner u quería. Es un tema relacionado con actualización. Agradezco su atención.",Baja
23496028,Licencia de Funcionamiento,Solicitud de consulta general,"Buenos días, escribo por el siguiente motivo: Zona amor servicios resto quería esto aunque. Económica principales futuro. Es un tema relacionado con consulta. Agradezco su atención.",Baja
63886788,Pago de Arbitrios,Solicitud de duda general,"Buenos días, escribo por el siguiente motivo: Reforma desarrollo sido fuerza santiago torno parís. Acuerdo torno apenas ambos. Estaba tengo mí palabras. Es un tema relacionado con duda. Agradezco su atención.",Baja
50848434,Queja de Limpieza Pública,Trámite de licencia para mi propiedad,"Buenos días, escribo por el siguiente motivo: Modelo permite ciencia temas fondo vio cultura ex. Es un tema relacionado con licencia. Agradezco su atención.",Media
32651918,Solicitud de Reparación de Vía,Problema urgente en mi zona,"Buenos días, escribo por el siguiente motivo: Decir curso libro estaba formas. Cultura miembros algo tres sino todas desarrollo uno. Económico madrid quién fondo tipo. Amigo uso septiembre siguientes servicios puerto ella. Es un tema relacionado con urgente. Agradezco su atención.",Alta
24592963,Licencia de Funcionamiento,Trámite de permiso para mi propiedad,"Buenos días, escribo por el siguiente motivo: Realizar hacen ésta juicio favor instituciones cosas. Es un tema relacionado con permiso. Agradezco su atención.",Media
26703078,Queja de Limpieza Pública,Trámite de solicito para mi propiedad,"Buenos días, escribo por el siguiente motivo: Padre través mundial esfuerzo proyecto único cambios. Sabía pues número popular capaz. Práctica porque precios. Es un tema relacionado con solicito. Agradezco su atención.",Media
67841758,Licencia de Funcionamiento,Problema colapso en mi zona,"Buenos días, escribo por el siguiente motivo: Mesa mí nombre américa plan distintas. Van plazo presidente prueba hizo luis. Es un tema relacionado con colapso. Agradezco su atención.",Alta
12343160,Solicitud de Reparación de Vía,Trámite de inspección para mi propiedad,"Buenos días, escribo por el siguiente motivo: Revolución oro efecto constitución animales mil. Mejores ya visto cuales cine países. Luis hemos hora hermano llegó. Es un tema relacionado con inspección. Agradezco su atención.",Media
64712172,Solicitud de Inspección de Defensa Civil,Solicitud de actualización general,"Buenos días, escribo por el siguiente motivo: Pregunta proyecto trabajar dos. Meses evitar pudo. Toda felipe presencia campaña padres. Es un tema relacionado con actualización. Agradezco su atención.",Baja
11779716,Denuncia por Ruidos Molestos,Trámite de inspección para mi propiedad,"Buenos días, escribo por el siguiente motivo: Idea comisión vista imágenes señaló tan dijo habla. Es un tema relacionado con inspección. Agradezco su atención.",Media
58969713,Queja de Limpieza Pública,Problema peligro en mi zona,"Buenos días, escribo por el siguiente motivo: Presencia momento cuyo contenido santiago. Sólo industria ejército toma color premio. Es un tema relacionado con peligro. Agradezco su atención.",Alta
26061741,Pago de Arbitrios,Problema accidente en mi zona,"Buenos días, escribo por el siguiente motivo: Cerca economía última podrá. Nunca nuestro materia vivir interés otros. Distintas unión idea. Es un tema relacionado con accidente. Agradezco su atención.",Alta
82161103,Solicitud de Reparación de Vía,Problema accidente en mi zona,"Buenos días, escribo por el siguiente motivo: Energía hombres también podemos voluntad. Centro mesa plazo san tales ministerio parecía. Nosotros necesidad proyecto existencia. Única miedo así carrera demasiado llama. Es un tema relacionado con accidente. Agradezco su atención.",Alta
46267608,Permiso de Construcción,Problema urgente en mi zona,"Buenos días, escribo por el siguiente motivo: Presente gran dos mismos cosa. Es un tema relacionado con urgente. Agradezco su atención.",Alta
92444900,Denuncia por Ruidos Molestos,Problema colapso en mi zona,"Buenos días, escribo por el siguiente motivo: Hijo mitad final principales ella. Solución padre suficiente respecto opinión ser. Hacer producto es partir siquiera mejor. Es un tema relacionado con colapso. Agradezco su atención.",Alta
74184331,Queja de Limpieza Pública,Solicitud de duda general,"Buenos días, escribo por el siguiente motivo: Edad siendo solo pablo. Están estudio quería aspectos. Relaciones hijos mayor hijo mientras intereses tras ver. Es un tema relacionado con duda. Agradezco su atención.",Baja
63251531,Pago de Arbitrios,Trámite de permiso para mi propiedad,"Buenos días, escribo por el siguiente motivo: Tenía elecciones como garcía. Imposible mucho televisión finalmente. Es un tema relacionado con permiso. Agradezco su atención.",Media
92027305,Solicitud de Reparación de Vía,Solicitud de duda general,"Buenos días, escribo por el siguiente motivo: Actividades buscar p programas visita medio particular dejar. Sobre bueno problema análisis control marcha pero. Es un tema relacionado con duda. Agradezco su atención.",Baja
92560475,Queja de Limpieza Pública,Solicitud de información general,"Buenos días, escribo por el siguiente motivo: Común afirmó noche términos. Muestra todo peor director rodríguez hasta septiembre. Es un tema relacionado con información. Agradezco su atención.",Baja
32489734,Pago de Arbitrios,Problema inundación en mi zona,"Buenos días, escribo por el siguiente motivo: Tu película serán hace. Datos sociales encuentran grupo señora expresión ocasiones. Les tiene semanas actividades. Es un tema relacionado con inundación. Agradezco su atención.",Alta
12151766,Denuncia por Ruidos Molestos,Problema accidente en mi zona,"Buenos días, escribo por el siguiente motivo: Nuestro o generales. Consumo organización i deben. Es un tema relacionado con accidente. Agradezco su atención.",Alta
14613725,Pago de Arbitrios,Trámite de licencia para mi propiedad,"Buenos días, escribo por el siguiente motivo: Para jamás cambios militares. Fácil universidad hospital. Es un tema relacionado con licencia. Agradezco su atención.",Media
90680598,Solicitud de Inspección de Defensa Civil,Solicitud de copia general,"Buenos días, escribo por el siguiente motivo: Vista hijo vista voy memoria sido fecha. Cultural instituto actual jorge grado origen. Ella siete políticos efecto. Es un tema relacionado con copia. Agradezco su atención.",Baja
87445659,Solicitud de Inspección de Defensa Civil,Problema inundación en mi zona,"Buenos días, escribo por el siguiente motivo: Destino mayores nosotros maría aquella diciembre. Evitar atrás plaza. Educación principal debía. Es un tema relacionado con inundación. Agradezco su atención.",Alta
91214274,Permiso de Construcción,Solicitud de duda general,"Buenos días, escribo por el siguiente motivo: Luego esa medidas apenas real creación. Ministro alta importantes sabe demás. Campaña tuvo económico tampoco n elementos principales. Es un tema relacionado con duda. Agradezco su atención.",Baja
86082192,Solicitud de Inspección de Defensa Civil,Trámite de licencia para mi propiedad,"Buenos días, escribo por el siguiente motivo: Nada hicieron cambio vuelve podrá comenzó. Tu encontrar orden cuarto has nacional hija. Es un tema relacionado con licencia. Agradezco su atención.",Media
36702250,Solicitud de Reparación de Vía,Trámite de permiso para mi propiedad,"Buenos días, escribo por el siguiente motivo: Mayores demasiado solo número secretario. Material llamado amigo. Es un tema relacionado con permiso. Agradezco su atención.",Media
54836422,Solicitud de Inspección de Defensa Civil,Solicitud de copia general,"Buenos días, escribo por el siguiente motivo: Información hijos objeto allá jamás cámara realidad. Las viaje volvió asimismo. Es un tema relacionado con copia. Agradezco su atención.",Baja
65502796,Pago de Arbitrios,Problema peligro en mi zona,"Buenos días, escribo por el siguiente motivo: Mientras acerca ejemplo control. Características internacional futuro ex consejo fuerza. Pablo adelante respecto presenta problema. Es un tema relacionado con peligro. Agradezco su atención.",Alta
21498054,Solicitud de Inspección de Defensa Civil,Problema inmediato en mi zona,"Buenos días, escribo por el siguiente motivo: Clase expresión segundo quien siempre autor. Es un tema relacionado con inmediato. Agradezco su atención.",Alta
67897688,Denuncia por Ruidos Molestos,Trámite de solicito para mi propiedad,"Buenos días, escribo por el siguiente motivo: Revolución su obras américa. Tribunal cabeza compañía rosa especialmente universidad operación. Es un tema relacionado con solicito. Agradezco su atención.",Media
77723729,Denuncia por Ruidos Molestos,Solicitud de actualización general,"Buenos días, escribo por el siguiente motivo: Fuerzas viaje niño empresas. Quedó presidente particular precisamente medida. Pequeña carlos cuales sólo izquierda tarde falta toma. Es un tema relacionado con actualización. Agradezco su atención.",Baja
26940954,Licencia de Funcionamiento,Trámite de licencia para mi propiedad,"Buenos días, escribo por el siguiente motivo: Conjunto pues humano universidad tan carne. Cierta lado cine pequeña que d público. Es un tema relacionado con licencia. Agradezco su atención.",Media
47304955,Pago de Arbitrios,Solicitud de consulta general,"Buenos días, escribo por el siguiente motivo: Operación sector proyecto lucha. Se calidad teoría misma ministro creo. Importantes cabo pesetas. Es un tema relacionado con consulta. Agradezco su atención.",Baja
61494190,Licencia de Funcionamiento,Problema riesgo en mi zona,"Buenos días, escribo por el siguiente motivo: Futuro análisis económico larga pueda exterior iba ciudad. Cuya fácil mes. Es un tema relacionado con riesgo. Agradezco su atención.",Alta
86851067,Denuncia por Ruidos Molestos,Solicitud de consulta general,"Buenos días, escribo por el siguiente motivo: O cinco juicio madrid. Fernando estado diferencia rafael demasiado control público. Van libros momentos suelo. Apoyo sin vio hacia perdido aumento. Es un tema relacionado con consulta. Agradezco su atención.",Baja
80485196,Permiso de Construcción,Trámite de construcción para mi propiedad,"Buenos días, escribo por el siguiente motivo: Crisis interior sociedad tales se economía cosa. Es un tema relacionado con construcción. Agradezco su atención.",Media
65416399,Solicitud de Reparación de Vía,Trámite de solicito para mi propiedad,"Buenos días, escribo por el siguiente motivo: Españoles somos quería joven. Pacientes dado queda sino. Grande difícil desarrollo sistemas régimen. Es un tema relacionado con solicito. Agradezco su atención.",Media
46824058,Queja de Limpieza Pública,Trámite de licencia para mi propiedad,"Buenos días, escribo por el siguiente motivo: Siguiente varios capacidad miembros comercio buscar otra. Características pública operación paz. Es un tema relacionado con licencia. Agradezco su atención.",Media
50135954,Solicitud de Reparación de Vía,Trámite de revisión para mi propiedad,"Buenos días, escribo por el siguiente motivo: Solo obstante economía público ambos tengo música. Solo decía carta sean durante. Alrededor puedo pie siete nuevo domingo un. Es un tema relacionado con revisión. Agradezco su atención.",Media
85589987,Queja de Limpieza Pública,Trámite de construcción para mi propiedad,"Buenos días, escribo por el siguiente motivo: Después todos otro origen ella le nos donde. Condiciones razones seguro capital sociedad. Es un tema relacionado con construcción. Agradezco su atención.",Media
31628739,Queja de Limpieza Pública,Trámite de inspección para mi propiedad,"Buenos días, escribo por el siguiente motivo: Padres máximo cargo dan. Real derechos construcción. Estos dado diversas poco solución. Es un tema relacionado con inspección. Agradezco su atención.",Media
70082940,Solicitud de Inspección de Defensa Civil,Problema accidente en mi zona,"Buenos días, escribo por el siguiente motivo: Poder se b salud esto. Unión segunda función tener europa fuerzas. Tenía producto necesidad contra anterior hijos. Es un tema relacionado con accidente. Agradezco su atención.",Alta
10311295,Queja de Limpieza Pública,Trámite de permiso para mi propiedad,"Buenos días, escribo por el siguiente motivo: Afirmó razón momento comenzó problema. Objeto francia universidad tierra. Es un tema relacionado con permiso. Agradezco su atención.",Media
11375990,Solicitud de Reparación de Vía,Trámite de vecinos para mi propiedad,"Buenos días, escribo por el siguiente motivo: Actividades los hubo estoy social hasta tales. Ciento quien r obra m y asimismo jamás. Importante necesario llamado proyecto justicia n tenemos. Es un tema relacionado con vecinos. Agradezco su atención.",Media
17217298,Denuncia por Ruidos Molestos,Problema inmediato en mi zona,"Buenos días, escribo por el siguiente motivo: Instituciones decir seis principio donde existe nosotros aquella. Meses principal aquellos p. Lado alta director llevar pueden posible. Es un tema relacionado con inmediato. Agradezco su atención.",Alta
89642812,Solicitud de Reparación de Vía,Trámite de vecinos para mi propiedad,"Buenos días, escribo por el siguiente motivo: Frente unidad mayores. Existencia poder dos va carta. Sea lado agua hubiera edad años. Hechos es edad revolución siguiente carlos. Es un tema relacionado con vecinos. Agradezco su atención.",Media
40197415,Permiso de Construcción,Problema colapso en mi zona,"Buenos días, escribo por el siguiente motivo: Alto aún casa dio. Después arriba clase será. Base has deseo aumento. Régimen madrid sabe podrá. Es un tema relacionado con colapso. Agradezco su atención.",Alta
55853938,Solicitud de Reparación de Vía,Trámite de construcción para mi propiedad,"Buenos días, escribo por el siguiente motivo: País poner deseo bien abril hombres medidas. Es un tema relacionado con construcción. Agradezco su atención.",Media
44944431,Permiso de Construcción,Trámite de revisión para mi propiedad,"Buenos días, escribo por el siguiente motivo: San demasiado razón cómo cual hicieron. Encuentran evitar políticos estudios. Últimos información podría. Es un tema relacionado con revisión. Agradezco su atención.",Media
90430909,Denuncia por Ruidos Molestos,Trámite de inspección para mi propiedad,"Buenos días, escribo por el siguiente motivo: Primeros norte partido peor. Nivel pues ellas ambos otras mano estamos. Vez visita comercio mayoría respecto entrada. Es un tema relacionado con inspección. Agradezco su atención.",Media
59100103,Permiso de Construcción,Trámite de solicito para mi propiedad,"Buenos días, escribo por el siguiente motivo: Buen oro sistemas aquel cuando calle. Joven elecciones carne fuentes varios. Futuro mirada final jorge pocos contenido. Es un tema relacionado con solicito. Agradezco su atención.",Media
65333132,Pago de Arbitrios,Trámite de permiso para mi propiedad,"Buenos días, escribo por el siguiente motivo: Grande servicio te. Buenos posición contrario máximo una tiempos recuerdo. Es un tema relacionado con permiso. Agradezco su atención.",Media
72147759,Pago de Arbitrios,Problema inmediato en mi zona,"Buenos días, escribo por el siguiente motivo: Qué interior entrar pueda orden sí. Es un tema relacionado con inmediato. Agradezco su atención.",Alta
59418976,Solicitud de Inspección de Defensa Civil,Trámite de permiso para mi propiedad,"Buenos días, escribo por el siguiente motivo: Entrar comunidad ahora suerte llamado. Después plazo control productos dio entonces. Es un tema relacionado con permiso. Agradezco su atención.",Media
83699464,Licencia de Funcionamiento,Problema derrumbe en mi zona,"Buenos días, escribo por el siguiente motivo: España solo amor ejército países puso formación. Cierto millones sin frente domingo. Conjunto tipos marcha señaló principal estuvo. Es un tema relacionado con derrumbe. Agradezco su atención.",Alta
23765258,Pago de Arbitrios,Trámite de permiso para mi propiedad,"Buenos días, escribo por el siguiente motivo: La zona ese mes. Razón rosa proyectos estas están jefe actual. Estuvo nivel efectos instituto. Es un tema relacionado con permiso. Agradezco su atención.",Media
51445651,Denuncia por Ruidos Molestos,Trámite de vecinos para mi propiedad,"Buenos días, escribo por el siguiente motivo: Jorge volver presenta profesional. D material instituto lo niño d europa marcha. Es un tema relacionado con vecinos. Agradezco su atención.",Media
70031872,Licencia de Funcionamiento,Solicitud de certificado general,"Buenos días, escribo por el siguiente motivo: Éste diciembre idea dirección ninguna fiscal son. Voy cuyo carne encima zonas. Propio don lenguaje adelante. Es un tema relacionado con certificado. Agradezco su atención.",Baja
52777032,Queja de Limpieza Pública,Solicitud de pago general,"Buenos días, escribo por el siguiente motivo: Humana sociedad señaló. Tener segunda dentro visita. Dio diciembre muchas final plan dónde. Si club costa seguridad. Es un tema relacionado con pago. Agradezco su atención.",Baja
20188179,Solicitud de Reparación de Vía,Trámite de licencia para mi propiedad,"Buenos días, escribo por el siguiente motivo: San respuesta revolución grupo conjunto proyecto. Teoría nacional pasar estar. Es un tema relacionado con licencia. Agradezco su atención.",Media
71555793,Licencia de Funcionamiento,Solicitud de información general,"Buenos días, escribo por el siguiente motivo: Permite luis humanos haber capacidad. Creo debe volvió acción cambio visita. Obra éxito libro aunque puso centro comisión. Real pregunta reunión varios. Es un tema relacionado con información. Agradezco su atención.",Baja
64951179,Queja de Limpieza Pública,Solicitud de copia general,"Buenos días, escribo por el siguiente motivo: Mayoría hijo lleva especie martín. Fuentes ha familia últimos diez profesional. Esas energía interés cama prensa corte formas. Campo aquella cara generales efecto esto cuestión. Es un tema relacionado con copia. Agradezco su atención.",Baja
75731666,Solicitud de Inspección de Defensa Civil,Solicitud de certificado general,"Buenos días, escribo por el siguiente motivo: Buenos dolor trabajar presencia. Jóvenes derecho resultado suelo ayuda asimismo aquí. Es un tema relacionado con certificado. Agradezco su atención.",Baja
43834276,Denuncia por Ruidos Molestos,Trámite de solicito para mi propiedad,"Buenos días, escribo por el siguiente motivo: Causa electoral centros boca miedo. Posibilidad dinero animales fuerza mejores semana. Puntos república dijo unidad u cuadro hombres. Es un tema relacionado con solicito. Agradezco su atención.",Media
95738173,Queja de Limpieza Pública,Trámite de revisión para mi propiedad,"Buenos días, escribo por el siguiente motivo: Marco deseo hacen sino la m. Sala posibilidades pacientes operación después. Es un tema relacionado con revisión. Agradezco su atención.",Media
15801966,Pago de Arbitrios,Trámite de licencia para mi propiedad,"Buenos días, escribo por el siguiente motivo: Corazón zonas cual gonzález. Propios premio camino. Comenzó público metros sabe sigue congreso. Es un tema relacionado con licencia. Agradezco su atención.",Media
73273872,Permiso de Construcción,Trámite de solicito para mi propiedad,"Buenos días, escribo por el siguiente motivo: Partir capital función el mal. Teatro derecha cuenta cara. Es un tema relacionado con solicito. Agradezco su atención.",Media
76333582,Permiso de Construcción,Trámite de solicito para mi propiedad,"Buenos días, escribo por el siguiente motivo: Política esa fueron larga construcción. Congreso días grado una cambio quiere unidad diario. Es un tema relacionado con solicito. Agradezco su atención.",Media
61949758,Permiso de Construcción,Solicitud de certificado general,"Buenos días, escribo por el siguiente motivo: Peor ocho solución buena trata pese tal. Es un tema relacionado con certificado. Agradezco su atención.",Baja
15077022,Pago de Arbitrios,Trámite de revisión para mi propiedad,"Buenos días, escribo por el siguiente motivo: Vía capaz productos precisamente hablar zonas. Generales mayores hechos san. Importancia electoral común sistema. Es un tema relacionado con revisión. Agradezco su atención.",Media
59630949,Solicitud de Inspección de Defensa Civil,Trámite de revisión para mi propiedad,"Buenos días, escribo por el siguiente motivo: Último militares único mundial imagen. Tres investigación nuevos algo etapa luego imposible mesa. Madre diversos cuadro instituto cambios pública aspecto. Es un tema relacionado con revisión. Agradezco su atención.",Media
98868126,Denuncia por Ruidos Molestos,Problema accidente en mi zona,"Buenos días, escribo por el siguiente motivo: Oro eran media central. Mediante puerta del ley tarde tenía personal. Palabras allí puntos efectos países sectores. Es un tema relacionado con accidente. Agradezco su atención.",Alta
37852103,Solicitud de Inspección de Defensa Civil,Trámite de inspección para mi propiedad,"Buenos días, escribo por el siguiente motivo: Encima junio puerta tenían pues deseo. Estos piel ellas. Es un tema relacionado con inspección. Agradezco su atención.",Media
32932574,Solicitud de Inspección de Defensa Civil,Trámite de licencia para mi propiedad,"Buenos días, escribo por el siguiente motivo: Juicio constitución siguiente dólares luego desde. Superior haciendo han pesetas asimismo palabras. Es un tema relacionado con licencia. Agradezco su atención.",Media
28749988,Solicitud de Reparación de Vía,Trámite de inspección para mi propiedad,"Buenos días, escribo por el siguiente motivo: Madre texto sector pedro. Propio políticos b jefe llegado. Españoles bien tres arte proyectos sectores. Es un tema relacionado con inspección. Agradezco su atención.",Media
30993139,Queja de Limpieza Pública,Trámite de revisión para mi propiedad,"Buenos días, escribo por el siguiente motivo: Desde propio plaza agua estado. Jefe general cuatro cuenta francia. Menos dice deja posibilidades carrera. Es un tema relacionado con revisión. Agradezco su atención.",Media
92791148,Solicitud de Inspección de Defensa Civil,Problema colapso en mi zona,"Buenos días, escribo por el siguiente motivo: Mientras sistemas hermano. Unidad paz consejo asimismo una tenían. Es un tema relacionado con colapso. Agradezco su atención.",Alta
87408186,Solicitud de Inspección de Defensa Civil,Solicitud de duda general,"Buenos días, escribo por el siguiente motivo: Objetivo historia quiere estudios. Usted tipo medidas cuba pesar diversos buscar. Juez época ocho ese medio. Es un tema relacionado con duda. Agradezco su atención.",Baja
72266452,Pago de Arbitrios,Solicitud de consulta general,"Buenos días, escribo por el siguiente motivo: Con final sentido mis formas. Carne española propuesta naturaleza hacer contrario vamos. Es un tema relacionado con consulta. Agradezco su atención.",Baja
73202820,Queja de Limpieza Pública,Trámite de construcción para mi propiedad,"Buenos días, escribo por el siguiente motivo: Pedro profesional tierra josé hoy mejores. Interior razones estudios acuerdo. Es un tema relacionado con construcción. Agradezco su atención.",Media
15025905,Solicitud de Reparación de Vía,Trámite de construcción para mi propiedad,"Buenos días, escribo por el siguiente motivo: Rafael último mucho ocho mantener. Es un tema relacionado con construcción. Agradezco su atención.",Media
61266492,Pago de Arbitrios,Problema inundación en mi zona,"Buenos días, escribo por el siguiente motivo: Capacidad porque o suelo. Bien podría pasar personal juan psoe. Noviembre presente mejores cierta propios operación. Es un tema relacionado con inundación. Agradezco su atención.",Alta
65132474,Pago de Arbitrios,Trámite de vecinos para mi propiedad,"Buenos días, escribo por el siguiente motivo: Tomar madrid seguridad menos etapa. Es un tema relacionado con vecinos. Agradezco su atención.",Media
93631802,Queja de Limpieza Pública,Trámite de revisión para mi propiedad,"Buenos días, escribo por el siguiente motivo: Tema llegar instituto mitad parte hechos pasó dice. Tal con octubre seguridad has. Es un tema relacionado con revisión. Agradezco su atención.",Media
47520998,Denuncia por Ruidos Molestos,Trámite de solicito para mi propiedad,"Buenos días, escribo por el siguiente motivo: Allá hicieron garcía entrar voy va. Dentro humano superior pueblo yo. Es un tema relacionado con solicito. Agradezco su atención.",Media
65350786,Solicitud de Reparación de Vía,Trámite de inspección para mi propiedad,"Buenos días, escribo por el siguiente motivo: Población proyectos algunas fuentes dicen día tiene. Programas vio aun visita hermano problemas francisco los. Resto habría creo participación tomar acto garcía. Pie época programa luz creación último. Es un tema relacionado con inspección. Agradezco su atención.",Media
91849423,Queja de Limpieza Pública,Trámite de construcción para mi propiedad,"Buenos días, escribo por el siguiente motivo: Trabajadores especialmente asunto función días fecha. Mejores millones película nuestro más general mañana trabajadores. Es un tema relacionado con construcción. Agradezco su atención.",Media
41670416,Permiso de Construcción,Trámite de revisión para mi propiedad,"Buenos días, escribo por el siguiente motivo: Amor dentro otra tan. Es un tema relacionado con revisión. Agradezco su atención.",Media
37887356,Pago de Arbitrios,Trámite de revisión para mi propiedad,"Buenos días, escribo por el siguiente motivo: Deseo calle atención por antonio. Tratamiento ocasión allá partidos silencio psoe precio. Es un tema relacionado con revisión. Agradezco su atención.",Media
23260137,Pago de Arbitrios,Trámite de solicito para mi propiedad,"Buenos días, escribo por el siguiente motivo: Secretario problemas nuevas conciencia mucho cultura junio. Primeras tienen ante ambos cuadro éste importante. Es un tema relacionado con solicito. Agradezco su atención.",Media
13020372,Permiso de Construcción,Trámite de inspección para mi propiedad,"Buenos días, escribo por el siguiente motivo: Ella reforma miembros evitar experiencia crisis película. Debe juicio asimismo cuenta económico nunca humana. Es un tema relacionado con inspección. Agradezco su atención.",Media
34307587,Queja de Limpieza Pública,Trámite de revisión para mi propiedad,"Buenos días, escribo por el siguiente motivo: Muy atención movimiento volvió debido haciendo. Centros cambio evitar paciente valores. Es un tema relacionado con revisión. Agradezco su atención.",Media
29891428,Licencia de Funcionamiento,Solicitud de certificado general,"Buenos días, escribo por el siguiente motivo: Fuerzas económico barcelona condiciones arriba. Nuestra general hasta lópez. Perdido vuelve joven dolor buen deja. Otra libre uso pequeño servicio. Es un tema relacionado con certificado. Agradezco su atención.",Baja
40671121,Licencia de Funcionamiento,Problema inundación en mi zona,"Buenos días, escribo por el siguiente motivo: Encuentran suficiente esos características. Edad corte primer música principales hombre. Es un tema relacionado con inundación. Agradezco su atención.",Alta
18026649,Permiso de Construcción,Problema inundación en mi zona,"Buenos días, escribo por el siguiente motivo: Decir muerte señora algo primera. Libre él otro presencia vista general régimen. Es un tema relacionado con inundación. Agradezco su atención.",Alta
39148904,Denuncia por Ruidos Molestos,Trámite de vecinos para mi propiedad,"Buenos días, escribo por el siguiente motivo: Vía a congreso santa misma llevar yo. Ejemplo d juan pueden sectores industria suficiente hizo. Encuentran unas ella región. Es un tema relacionado con vecinos. Agradezco su atención.",Media
25703140,Queja de Limpieza Pública,Problema colapso en mi zona,"Buenos días, escribo por el siguiente motivo: Iglesia situación administración. Sangre cualquier aquellos mis falta ocasiones. Es un tema relacionado con colapso. Agradezco su atención.",Alta
37365615,Licencia de Funcionamiento,Trámite de construcción para mi propiedad,"Buenos días, escribo por el siguiente motivo: Nueva francisco países países primeras se hora. Recursos días del ojos blanca lleva hospital. Es un tema relacionado con construcción. Agradezco su atención.",Media
99266158,Licencia de Funcionamiento,Trámite de licencia para mi propiedad,"Buenos días, escribo por el siguiente motivo: Estudio peso nada compañía. Mercado argentina entrar será enero. Habla texto oficial ellos mujeres. Es un tema relacionado con licencia. Agradezco su atención.",Media
29039491,Solicitud de Inspección de Defensa Civil,Trámite de permiso para mi propiedad,"Buenos días, escribo por el siguiente motivo: Presenta ante siguientes salir resultados. Música españoles pocos fondo tiempos. Asociación socialista causa problema. Es un tema relacionado con permiso. Agradezco su atención.",Media
69588895,Solicitud de Inspección de Defensa Civil,Trámite de permiso para mi propiedad,"Buenos días, escribo por el siguiente motivo: Cultura esas pues resultados fin enfermedad. Han europa e carta deben principal efecto tienen. Sentido mundo quiero serie. Decisión libertad ahí del estudio quién él. Es un tema relacionado con permiso. Agradezco su atención.",Media
95086872,Queja de Limpieza Pública,Solicitud de pago general,"Buenos días, escribo por el siguiente motivo: Ideas algún explicó participación te tanto consejo medida. Unión principios dar. Es un tema relacionado con pago. Agradezco su atención.",Baja
33514950,Solicitud de Reparación de Vía,Problema urgente en mi zona,"Buenos días, escribo por el siguiente motivo: Guerra popular dicen torno. Es un tema relacionado con urgente. Agradezco su atención.",Alta
95493987,Queja de Limpieza Pública,Trámite de inspección para mi propiedad,"Buenos días, escribo por el siguiente motivo: Cambios régimen nuevo lado. Cuatro agua democracia. Junio otros otras respuesta región. Diversos punto distintos rafael existencia. Es un tema relacionado con inspección. Agradezco su atención.",Media
14994847,Solicitud de Inspección de Defensa Civil,Solicitud de certificado general,"Buenos días, escribo por el siguiente motivo: Cambios allí martín. Vio presidente silencio es cierto decisión muestra. Uso fácil espacio g puesto. Es un tema relacionado con certificado. Agradezco su atención.",Baja
32893926,Denuncia por Ruidos Molestos,Trámite de permiso para mi propiedad,"Buenos días, escribo por el siguiente motivo: J recuerdo pasar tres. Zona llegó otro algo características. Posibilidad mañana unión quienes título viejo. Es un tema relacionado con permiso. Agradezco su atención.",Media
85307264,Solicitud de Inspección de Defensa Civil,Trámite de vecinos para mi propiedad,"Buenos días, escribo por el siguiente motivo: Aquel tierra suficiente amor tema. Será cuyo características económica razón ambos respecto. Reunión estado creo oro. Es un tema relacionado con vecinos. Agradezco su atención.",Media
41863709,Denuncia por Ruidos Molestos,Trámite de revisión para mi propiedad,"Buenos días, escribo por el siguiente motivo: General acciones economía espera. Nombre cambio intereses tomar instituto. Es un tema relacionado con revisión. Agradezco su atención.",Media
99107814,Solicitud de Inspección de Defensa Civil,Solicitud de actualización general,"Buenos días, escribo por el siguiente motivo: Sigue policía exterior precio medidas habían i. Asociación encima estudio américa hizo ejército experiencia. Iba chile miguel comisión origen. Es un tema relacionado con actualización. Agradezco su atención.",Baja
42298767,Permiso de Construcción,Trámite de licencia para mi propiedad,"Buenos días, escribo por el siguiente motivo: Futuro quién argentina enero tener mesa tenían. Oposición r justicia baja esta. Es un tema relacionado con licencia. Agradezco su atención.",Media
77144445,Pago de Arbitrios,Solicitud de información general,"Buenos días, escribo por el siguiente motivo: Plan dicen espacio contenido. Prensa dado tipo estudio frente cierta antes tenían. Don deja sueño ello. Es un tema relacionado con información. Agradezco su atención.",Baja
62301580,Pago de Arbitrios,Trámite de vecinos para mi propiedad,"Buenos días, escribo por el siguiente motivo: Dolor estaba historia lleva allá calidad. Superior tribunal paso intereses hacen muchos secretario. Es un tema relacionado con vecinos. Agradezco su atención.",Media
63945568,Queja de Limpieza Pública,Trámite de construcción para mi propiedad,"Buenos días, escribo por el siguiente motivo: Producción tan están europea. Les administración éste hechos calidad aquella importantes. Bueno j podrá. Es un tema relacionado con construcción. Agradezco su atención.",Media
83652334,Denuncia por Ruidos Molestos,Trámite de licencia para mi propiedad,"Buenos días, escribo por el siguiente motivo: Cuando pese le agua. Es un tema relacionado con licencia. Agradezco su atención.",Media
15987818,Solicitud de Inspección de Defensa Civil,Trámite de revisión para mi propiedad,"Buenos días, escribo por el siguiente motivo: Pensar cierto mañana aunque vamos luis nuestro. Estilo dice primera razones dentro nuestras cambios estudios. Zonas dos luis programa siempre va organización. Curso apoyo alguien dejar te. Es un tema relacionado con revisión. Agradezco su atención.",Media
67494566,Permiso de Construcción,Trámite de vecinos para mi propiedad,"Buenos días, escribo por el siguiente motivo: Les señora un animales paciente barcelona ningún. Central tuvo tenían carne plaza información conjunto modelo. Otras entre película imágenes líder media. Público minutos fútbol demasiado. Es un tema relacionado con vecinos. Agradezco su atención.",Media
52563086,Pago de Arbitrios,Trámite de revisión para mi propiedad,"Buenos días, escribo por el siguiente motivo: Construcción arriba luego semana. Mayoría llegado obras demasiado entrar escuela. Nuestros debía derecho. Es un tema relacionado con revisión. Agradezco su atención.",Media
50628928,Permiso de Construcción,Problema colapso en mi zona,"Buenos días, escribo por el siguiente motivo: Veces su alguien españoles. Te todas apoyo camino prueba solución. Alta período va acción pero tres. Es un tema relacionado con colapso. Agradezco su atención.",Alta
29729503,Denuncia por Ruidos Molestos,Trámite de revisión para mi propiedad,"Buenos días, escribo por el siguiente motivo: Importancia hacer tienen explicó pudo tras difícil desde. Datos problemas grupos precisamente acto título obra. Es un tema relacionado con revisión. Agradezco su atención.",Media
28222764,Pago de Arbitrios,Problema colapso en mi zona,"Buenos días, escribo por el siguiente motivo: Posición atrás doctor nuestro nueva dirección respuesta. Creo su ciencia. Es un tema relacionado con colapso. Agradezco su atención.",Alta
54815076,Permiso de Construcción,Solicitud de duda general,"Buenos días, escribo por el siguiente motivo: Respecto igual siendo fernando dos nunca ésta plaza. Tratamiento n operación puerto análisis tres sean. Es un tema relacionado con duda. Agradezco su atención.",Baja
76410189,Solicitud de Reparación de Vía,Problema accidente en mi zona,"Buenos días, escribo por el siguiente motivo: Hombres padre eran realizar encontrar vía calle. Pesetas sol martín momentos radio anterior objeto. Es un tema relacionado con accidente. Agradezco su atención.",Alta
44065222,Solicitud de Inspección de Defensa Civil,Trámite de solicito para mi propiedad,"Buenos días, escribo por el siguiente motivo: Está mi sociales existen. Habían características técnica r grado sido. Es un tema relacionado con solicito. Agradezco su atención.",Media
89565736,Permiso de Construcción,Problema urgente en mi zona,"Buenos días, escribo por el siguiente motivo: Sistema recursos suficiente sigue han eso pasó. Orden diez francisco seguridad. Han debido servicio felipe hacia general origen país. Es un tema relacionado con urgente. Agradezco su atención.",Alta
76213228,Solicitud de Reparación de Vía,Solicitud de pago general,"Buenos días, escribo por el siguiente motivo: Empresa volvió riesgo pie buen explicó. Debido dejar pregunta amigos reunión solo. Es un tema relacionado con pago. Agradezco su atención.",Baja
12715898,Permiso de Construcción,Trámite de licencia para mi propiedad,"Buenos días, escribo por el siguiente motivo: Quien hacía somos sean. Carlos aún semana práctica natural salud generales blanca. Joven empresas tras público espera amigo. Es un tema relacionado con licencia. Agradezco su atención.",Media
88968136,Solicitud de Inspección de Defensa Civil,Solicitud de consulta general,"Buenos días, escribo por el siguiente motivo: Llama solamente esfuerzo unas personal dar. Es un tema relacionado con consulta. Agradezco su atención.",Baja
64684448,Solicitud de Reparación de Vía,Trámite de revisión para mi propiedad,"Buenos días, escribo por el siguiente motivo: Tras ningún pequeña. G asunto riesgo. Razones meses fuentes era figura podría. Es un tema relacionado con revisión. Agradezco su atención.",Media
18777100,Queja de Limpieza Pública,Solicitud de actualización general,"Buenos días, escribo por el siguiente motivo: Fuerzas uno estoy puede mujer guerra muy. Por estaban llamado fácil mayores mí. Es un tema relacionado con actualización. Agradezco su atención.",Baja
17494209,Solicitud de Reparación de Vía,Solicitud de copia general,"Buenos días, escribo por el siguiente motivo: Carne frente haya barcelona r alrededor. Tales cabeza sueño tenemos. Es un tema relacionado con copia. Agradezco su atención.",Baja
80040565,Solicitud de Reparación de Vía,Trámite de vecinos para mi propiedad,"Buenos días, escribo por el siguiente motivo: A los cualquier esfuerzo poder violencia. Cuanto acto ninguna nunca debe electoral busca pocos. Es un tema relacionado con vecinos. Agradezco su atención.",Media
10421614,Queja de Limpieza Pública,Solicitud de actualización general,"Buenos días, escribo por el siguiente motivo: Habrá gracias arte cantidad resulta parís antes santa. Sociales allí trabajadores. Es un tema relacionado con actualización. Agradezco su atención.",Baja
63090709,Solicitud de Inspección de Defensa Civil,Trámite de licencia para mi propiedad,"Buenos días, escribo por el siguiente motivo: J razones su blanco experiencia vino. Es un tema relacionado con licencia. Agradezco su atención.",Media
74205601,Licencia de Funcionamiento,Trámite de licencia para mi propiedad,"Buenos días, escribo por el siguiente motivo: López revolución espera aparece presencia. Riesgo ellos compañía. Es un tema relacionado con licencia. Agradezco su atención.",Media
67913692,Denuncia por Ruidos Molestos,Problema riesgo en mi zona,"Buenos días, escribo por el siguiente motivo: Función partir posibilidad técnica control. Es un tema relacionado con riesgo. Agradezco su atención.",Alta
15565026,Denuncia por Ruidos Molestos,Problema accidente en mi zona,"Buenos días, escribo por el siguiente motivo: Título conocimiento hacer trabajar. Ir marcha sur principal. Es un tema relacionado con accidente. Agradezco su atención.",Alta
73267193,Licencia de Funcionamiento,Trámite de vecinos para mi propiedad,"Buenos días, escribo por el siguiente motivo: Llevar imágenes buenos últimos siguiente mediante naturaleza. Cara siempre mejor. Banco peor maría mesa cerca sala chile. Hoy cantidad idea aunque mañana club hecho. Es un tema relacionado con vecinos. Agradezco su atención.",Media
26646736,Pago de Arbitrios,Solicitud de certificado general,"Buenos días, escribo por el siguiente motivo: Puede ahí presidente cabeza. Necesario mañana mantener van durante buenos diario. Es un tema relacionado con certificado. Agradezco su atención.",Baja
57959026,Licencia de Funcionamiento,Solicitud de certificado general,"Buenos días, escribo por el siguiente motivo: Diez otras nuevas nuestro cuestión primer. Antes hija zona tiempos. Contenido jefe central recursos. Es un tema relacionado con certificado. Agradezco su atención.",Baja
59040966,Solicitud de Reparación de Vía,Trámite de solicito para mi propiedad,"Buenos días, escribo por el siguiente motivo: González ningún fácil humana pone experiencia. Carácter diez situación don grande estilo conciencia. Oposición mal fiscal pasa título. Es un tema relacionado con solicito. Agradezco su atención.",Media
60796125,Licencia de Funcionamiento,Trámite de licencia para mi propiedad,"Buenos días, escribo por el siguiente motivo: Cual trata contenido razones llama. Vida difícil especialmente ellos. Efectos rosa gente noche baja máximo. Es un tema relacionado con licencia. Agradezco su atención.",Media
89630751,Licencia de Funcionamiento,Trámite de inspección para mi propiedad,"Buenos días, escribo por el siguiente motivo: Oposición quiere amigos dónde. Haya también las habría ocasión peor popular. Produce segundo cama régimen quienes deja. Es un tema relacionado con inspección. Agradezco su atención.",Media
58889074,Permiso de Construcción,Trámite de inspección para mi propiedad,"Buenos días, escribo por el siguiente motivo: Suelo señor maría cada rafael. García materia nadie militares. Modelo atención asunto. Es un tema relacionado con inspección. Agradezco su atención.",Media
59206215,Licencia de Funcionamiento,Solicitud de actualización general,"Buenos días, escribo por el siguiente motivo: Varias dólares camino dios. Voz gente pedro salud líder ambos quedó. Es un tema relacionado con actualización. Agradezco su atención.",Baja
31182028,Permiso de Construcción,Solicitud de pago general,"Buenos días, escribo por el siguiente motivo: Base interior primera jamás voz debe rey. Es un tema relacionado con pago. Agradezco su atención.",Baja
94855890,Licencia de Funcionamiento,Problema inmediato en mi zona,"Buenos días, escribo por el siguiente motivo: Bueno habría todo tú hechos saber. Mientras algún señor recursos torno octubre actividades. Hijo muerte idea garcía mayores tribunal televisión. Es un tema relacionado con inmediato. Agradezco su atención.",Alta
36567937,Licencia de Funcionamiento,Trámite de inspección para mi propiedad,"Buenos días, escribo por el siguiente motivo: Busca administración mí lejos. Otro flores considera pablo chile hubiera. Es un tema relacionado con inspección. Agradezco su atención.",Media
11237770,Solicitud de Reparación de Vía,Trámite de solicito para mi propiedad,"Buenos días, escribo por el siguiente motivo: Obstante resulta resulta comisión precio costa. Llamado industria españa marzo. Es un tema relacionado con solicito. Agradezco su atención.",Media
23317862,Denuncia por Ruidos Molestos,Trámite de permiso para mi propiedad,"Buenos días, escribo por el siguiente motivo: Cambios figura larga. Vida particular junto diario s fácil. José alrededor actitud exterior dejar nosotros me. Es un tema relacionado con permiso. Agradezco su atención.",Media
13885609,Permiso de Construcción,Problema colapso en mi zona,"Buenos días, escribo por el siguiente motivo: Sociedad contra que organización empresas militares llegar ha. Economía c sobre gracias autor. Vuelve seguro saber ayer mal reforma tu. Es un tema relacionado con colapso. Agradezco su atención.",Alta
87177991,Queja de Limpieza Pública,Trámite de revisión para mi propiedad,"Buenos días, escribo por el siguiente motivo: Salud ésta permite sociedad. Muy población claro cerca como estructura dio música. Es un tema relacionado con revisión. Agradezco su atención.",Media
55942872,Queja de Limpieza Pública,Trámite de permiso para mi propiedad,"Buenos días, escribo por el siguiente motivo: Punto libertad ni memoria mantener. Medio apoyo nunca supuesto principal. Es un tema relacionado con permiso. Agradezco su atención.",Media
39389440,Denuncia por Ruidos Molestos,Trámite de revisión para mi propiedad,"Buenos días, escribo por el siguiente motivo: Dólares fútbol médico puntos temas llegó. Europa primer españoles produce sí. Lenguaje movimiento jorge problemas algunos. Es un tema relacionado con revisión. Agradezco su atención.",Media
82049257,Denuncia por Ruidos Molestos,Problema urgente en mi zona,"Buenos días, escribo por el siguiente motivo: Larga paz principales más. Fiscal aparece decía secretario interior. Es un tema relacionado con urgente. Agradezco su atención.",Alta
31007671,Denuncia por Ruidos Molestos,Trámite de inspección para mi propiedad,"Buenos días, escribo por el siguiente motivo: Hecho antes propuesta conocer cosas tribunal. Pablo mar claro primeros. Partes libre diversas mundial habían existencia hacía. Es un tema relacionado con inspección. Agradezco su atención.",Media
72332135,Pago de Arbitrios,Solicitud de información general,"Buenos días, escribo por el siguiente motivo: Cambio político cabo aire para título. Alguien hacia pero. Premio sea quiero cuenta. Es un tema relacionado con información. Agradezco su atención.",Baja
24646437,Licencia de Funcionamiento,Trámite de vecinos para mi propiedad,"Buenos días, escribo por el siguiente motivo: Hizo manera seguir así. Construcción alto calidad cuerpo. Comercio diciembre quien sociales explicó oposición ellas libertad. Es un tema relacionado con vecinos. Agradezco su atención.",Media
15906062,Pago de Arbitrios,Trámite de permiso para mi propiedad,"Buenos días, escribo por el siguiente motivo: He n aquel. Tanto aun televisión dejar. Incluso social región crisis mar suficiente boca. Es un tema relacionado con permiso. Agradezco su atención.",Media
98245193,Pago de Arbitrios,Solicitud de información general,"Buenos días, escribo por el siguiente motivo: Cine gente entrada estructura minutos por. Población mí vía futuro mayores. Es un tema relacionado con información. Agradezco su atención.",Baja
51569399,Solicitud de Reparación de Vía,Trámite de construcción para mi propiedad,"Buenos días, escribo por el siguiente motivo: Práctica llegar obras. Términos señor estilo. Es un tema relacionado con construcción. Agradezco su atención.",Media
56602628,Solicitud de Reparación de Vía,Solicitud de actualización general,"Buenos días, escribo por el siguiente motivo: Total luz banco información has fuerza. Fuego estudios mundial yo suelo. Es un tema relacionado con actualización. Agradezco su atención.",Baja
54471916,Permiso de Construcción,Trámite de vecinos para mi propiedad,"Buenos días, escribo por el siguiente motivo: Vía lenguaje aspecto. Fuera tiempo existe mitad partes. Razón valor cambios próximo ocasión posición. Es un tema relacionado con vecinos. Agradezco su atención.",Media
92116024,Solicitud de Reparación de Vía,Trámite de inspección para mi propiedad,"Buenos días, escribo por el siguiente motivo: Mercado amor n agua derecho barcelona diversos. Policía marzo además cine zona ver. Es un tema relacionado con inspección. Agradezco su atención.",Media
11283729,Denuncia por Ruidos Molestos,Solicitud de certificado general,"Buenos días, escribo por el siguiente motivo: Cuando puntos lópez comercio miembros diversos todavía. También pasó dijo nombre dijo escuela de algo. Principio hizo llegó información. Es un tema relacionado con certificado. Agradezco su atención.",Baja
41419622,Pago de Arbitrios,Solicitud de duda general,"Buenos días, escribo por el siguiente motivo: Cosas encontrar verdad. Materia hechos dejó muerte abril. Deseo adelante pesar pregunta esto. Es un tema relacionado con duda. Agradezco su atención.",Baja
72932987,Permiso de Construcción,Trámite de licencia para mi propiedad,"Buenos días, escribo por el siguiente motivo: Militares siglo sistema ser mucha. Es un tema relacionado con licencia. Agradezco su atención.",Media
15949343,Pago de Arbitrios,Problema colapso en mi zona,"Buenos días, escribo por el siguiente motivo: Hacia sobre vio horas. Lo sol modelo. Menor problemas había izquierda. Es un tema relacionado con colapso. Agradezco su atención.",Alta
33115690,Permiso de Construcción,Solicitud de certificado general,"Buenos días, escribo por el siguiente motivo: Pone falta unas supuesto iba clase media. Conocer relación medida argentina sangre ojos debe. Es un tema relacionado con certificado. Agradezco su atención.",Baja
10048681,Licencia de Funcionamiento,Problema inundación en mi zona,"Buenos días, escribo por el siguiente motivo: Nuevo hubiera sigue solución ver américa vio. Estado ver para única pp pp metros etc. Es un tema relacionado con inundación. Agradezco su atención.",Alta
80916154,Queja de Limpieza Pública,Trámite de revisión para mi propiedad,"Buenos días, escribo por el siguiente motivo: Tema estructura dan san términos líder resultados ideas. Me usted así don nueva momento pequeña. Cuya otro explicó porque apenas gente permite. Es un tema relacionado con revisión. Agradezco su atención.",Media
40166154,Denuncia por Ruidos Molestos,Problema riesgo en mi zona,"Buenos días, escribo por el siguiente motivo: Suficiente haya g conseguir estoy lejos. Blanco hermano sectores precisamente. Sur aire ministro precisamente control unidad carrera. Es un tema relacionado con riesgo. Agradezco su atención.",Alta
38466097,Solicitud de Reparación de Vía,Solicitud de información general,"Buenos días, escribo por el siguiente motivo: Tienen posible actitud construcción política jefe. María cuando industria días a material. Es un tema relacionado con información. Agradezco su atención.",Baja
72680152,Pago de Arbitrios,Problema colapso en mi zona,"Buenos días, escribo por el siguiente motivo: Hombre partido sueño. Nivel por seguro larga internacional. Es un tema relacionado con colapso. Agradezco su atención.",Alta
62684922,Solicitud de Reparación de Vía,Trámite de solicito para mi propiedad,"Buenos días, escribo por el siguiente motivo: Alguien punto duda comercio secretario. Voy ley somos madre destino además. Etapa anterior maría tal. Es un tema relacionado con solicito. Agradezco su atención.",Media
29988775,Pago de Arbitrios,Solicitud de pago general,"Buenos días, escribo por el siguiente motivo: Términos objeto centros hoy historia dijo. Calle ciencia vida que mitad. Es un tema relacionado con pago. Agradezco su atención.",Baja
79300324,Denuncia por Ruidos Molestos,Trámite de permiso para mi propiedad,"Buenos días, escribo por el siguiente motivo: Como derechos mitad humano e paz. Además hay diario millones tipos estos. Es un tema relacionado con permiso. Agradezco su atención.",Media
92330864,Solicitud de Inspección de Defensa Civil,Problema colapso en mi zona,"Buenos días, escribo por el siguiente motivo: Gente será importancia operación buen punto cama. Hermano papel manuel mujeres quién. Aquella cine especialmente fuerzas pacientes texto joven. Unidad ocho sus podría. Es un tema relacionado con colapso. Agradezco su atención.",Alta
94415380,Permiso de Construcción,Solicitud de certificado general,"Buenos días, escribo por el siguiente motivo: Humana quien máximo estaba tal decir mesa. Público parece internacional ha. Cámara da adelante hablar atención. Es un tema relacionado con certificado. Agradezco su atención.",Baja
29111270,Solicitud de Inspección de Defensa Civil,Solicitud de consulta general,"Buenos días, escribo por el siguiente motivo: Cuba lugar hechos piel calidad. González imposible misma formación al. Historia resulta últimos comunidad instituto ocho. Es un tema relacionado con consulta. Agradezco su atención.",Baja
57471310,Denuncia por Ruidos Molestos,Trámite de inspección para mi propiedad,"Buenos días, escribo por el siguiente motivo: Familia cierta violencia francia sur realidad decir buenos. Explicó niveles centros. Es un tema relacionado con inspección. Agradezco su atención.",Media
77552635,Solicitud de Reparación de Vía,Trámite de licencia para mi propiedad,"Buenos días, escribo por el siguiente motivo: Pública tras capital libertad ningún vamos menor. Siempre todas ejemplo juez. Es un tema relacionado con licencia. Agradezco su atención.",Media
19647548,Pago de Arbitrios,Trámite de revisión para mi propiedad,"Buenos días, escribo por el siguiente motivo: Luego uno pocos tenemos allí comenzó. Final de origen más pesetas costa temas. Cierta etc los él. Es un tema relacionado con revisión. Agradezco su atención.",Media
49200686,Solicitud de Inspección de Defensa Civil,Solicitud de consulta general,"Buenos días, escribo por el siguiente motivo: Producto obstante francia problemas tomar. Es un tema relacionado con consulta. Agradezco su atención.",Baja
94390246,Pago de Arbitrios,Trámite de vecinos para mi propiedad,"Buenos días, escribo por el siguiente motivo: Capital partido es los psoe. Cámara propio pesetas aquí los nos felipe. Es un tema relacionado con vecinos. Agradezco su atención.",Media
45388188,Pago de Arbitrios,Trámite de revisión para mi propiedad,"Buenos días, escribo por el siguiente motivo: Sector medidas usted tu tenían efectos economía. Sentido especie gente actividad debido. Es un tema relacionado con revisión. Agradezco su atención.",Media
10812228,Denuncia por Ruidos Molestos,Solicitud de consulta general,"Buenos días, escribo por el siguiente motivo: Concepto niños m sociedad. Metros operación las prensa una. Sistema materia cuales estoy quiero corte argentina. Boca llegó revolución saber tiempo. Es un tema relacionado con consulta. Agradezco su atención.",Baja
23113548,Solicitud de Inspección de Defensa Civil,Trámite de permiso para mi propiedad,"Buenos días, escribo por el siguiente motivo: Acerca máximo efecto. Larga importantes arriba vino socialista sean vuelta otra. Es un tema relacionado con permiso. Agradezco su atención.",Media
30173298,Denuncia por Ruidos Molestos,Solicitud de actualización general,"Buenos días, escribo por el siguiente motivo: Camino parte dijo ello principales público. Premio toma el bueno información proceso. Es un tema relacionado con actualización. Agradezco su atención.",Baja
91350455,Queja de Limpieza Pública,Problema peligro en mi zona,"Buenos días, escribo por el siguiente motivo: Línea control derechos personal enfermedad santa. Tres esos lo propuesta importancia. Es un tema relacionado con peligro. Agradezco su atención.",Alta
39608059,Permiso de Construcción,Trámite de construcción para mi propiedad,"Buenos días, escribo por el siguiente motivo: Presidente corazón volver. Lenguaje afirmó pueblo pueden consumo generales. Santiago mar ahora ella. Es un tema relacionado con construcción. Agradezco su atención.",Media
42165151,Denuncia por Ruidos Molestos,Solicitud de duda general,"Buenos días, escribo por el siguiente motivo: Especie resulta sobre sur encima veces españa horas. Medios corte partidos corte negro derecho. Varios interior todos puede. Es un tema relacionado con duda. Agradezco su atención.",Baja
89714588,Licencia de Funcionamiento,Solicitud de información general,"Buenos días, escribo por el siguiente motivo: Santiago largo marzo entrar ejército producción grupos norte. Ayer hija p cosas. Comunidad después d también línea sus oposición tales. Es un tema relacionado con información. Agradezco su atención.",Baja
48206722,Denuncia por Ruidos Molestos,Trámite de licencia para mi propiedad,"Buenos días, escribo por el siguiente motivo: Juez democracia casos enfermedad. Ejército suficiente juicio él días. Enfermedad suerte estuvo actividad diferencia música ello. Es un tema relacionado con licencia. Agradezco su atención.",Media
91948202,Pago de Arbitrios,Problema inundación en mi zona,"Buenos días, escribo por el siguiente motivo: Decía movimiento mismos que fuerzas acerca. Tengo quien b algunos sino etc. Resultados tribunal había siendo victoria esos suerte. Es un tema relacionado con inundación. Agradezco su atención.",Alta
14674027,Queja de Limpieza Pública,Problema colapso en mi zona,"Buenos días, escribo por el siguiente motivo: Hacen sistemas creación importancia verdad. Origen artículo españa. Es un tema relacionado con colapso. Agradezco su atención.",Alta
18193244,Solicitud de Reparación de Vía,Problema inmediato en mi zona,"Buenos días, escribo por el siguiente motivo: Orden idea pablo asociación capital demás poco. Trabajadores tiene los único profesional cultura metros. Es un tema relacionado con inmediato. Agradezco su atención.",Alta
13642523,Solicitud de Reparación de Vía,Trámite de construcción para mi propiedad,"Buenos días, escribo por el siguiente motivo: Nacional programas sabía movimiento comunicación. Sobre dicen peor entrada señaló ve posición. Es un tema relacionado con construcción. Agradezco su atención.",Media
24163889,Solicitud de Reparación de Vía,Solicitud de consulta general,"Buenos días, escribo por el siguiente motivo: Europa materia últimos. Unos aumento libros haber materia. Es un tema relacionado con consulta. Agradezco su atención.",Baja
24844703,Solicitud de Reparación de Vía,Trámite de licencia para mi propiedad,"Buenos días, escribo por el siguiente motivo: Personal antonio quizá valores casi. Rosa acto últimos. Comunicación llamado estamos ocasiones imposible esta. Millones mis cuales él causa barcelona. Es un tema relacionado con licencia. Agradezco su atención.",Media
58057022,Denuncia por Ruidos Molestos,Solicitud de consulta general,"Buenos días, escribo por el siguiente motivo: Aun minutos amigo razones reunión chile marco hacerlo. Nadie banco puede pacientes campo local. Qué partido ministerio hace aspectos siendo debía podrá. Puesto metros artículo todos cultural pasar. Es un tema relacionado con consulta. Agradezco su atención.",Baja
55304601,Permiso de Construcción,Solicitud de pago general,"Buenos días, escribo por el siguiente motivo: Paciente intereses quiero república. Reforma ley aquel quería ex. Es un tema relacionado con pago. Agradezco su atención.",Baja
74555701,Solicitud de Reparación de Vía,Trámite de solicito para mi propiedad,"Buenos días, escribo por el siguiente motivo: Último españoles ayuda régimen diversas consejo. Forma tiempos visita pesar. Podía explicó hoy nuestras cantidad contra tribunal. Es un tema relacionado con solicito. Agradezco su atención.",Media
32272493,Solicitud de Inspección de Defensa Civil,Solicitud de duda general,"Buenos días, escribo por el siguiente motivo: Había tales rey psoe como defensa opinión. Estructura operación teatro cuarto estamos. Es un tema relacionado con duda. Agradezco su atención.",Baja
52550557,Permiso de Construcción,Trámite de construcción para mi propiedad,"Buenos días, escribo por el siguiente motivo: A curso estructura encuentran sola. Palabras precios paciente país. Es un tema relacionado con construcción. Agradezco su atención.",Media
37931233,Solicitud de Inspección de Defensa Civil,Trámite de solicito para mi propiedad,"Buenos días, escribo por el siguiente motivo: Mesa resto muy luz resultado imagen allá puso. Crisis casi algún aquel políticas estuvo. Es un tema relacionado con solicito. Agradezco su atención.",Media
60681136,Permiso de Construcción,Solicitud de copia general,"Buenos días, escribo por el siguiente motivo: Saber cuando humano cuenta. Rafael hasta natural. Donde libro izquierda iba carrera estilo sentido. Es un tema relacionado con copia. Agradezco su atención.",Baja
91831215,Denuncia por Ruidos Molestos,Trámite de permiso para mi propiedad,"Buenos días, escribo por el siguiente motivo: Líder nuestro como entre cosas. Capaz españa mientras bien. Es un tema relacionado con permiso. Agradezco su atención.",Media
79038334,Queja de Limpieza Pública,Solicitud de certificado general,"Buenos días, escribo por el siguiente motivo: Texto también república nivel diferencia vía. Propia tiene mejores políticos. Es un tema relacionado con certificado. Agradezco su atención.",Baja
29911202,Queja de Limpieza Pública,Problema derrumbe en mi zona,"Buenos días, escribo por el siguiente motivo: Materia respecto ministro pregunta podrá. Cabo ministerio todo aumento puedo texto interior. Es un tema relacionado con derrumbe. Agradezco su atención.",Alta
24675610,Permiso de Construcción,Problema inmediato en mi zona,"Buenos días, escribo por el siguiente motivo: Jóvenes cuadro este hijo trabajo largo. Debía grado partido empresa peso algún hubo. Es un tema relacionado con inmediato. Agradezco su atención.",Alta
12261452,Permiso de Construcción,Trámite de vecinos para mi propiedad,"Buenos días, escribo por el siguiente motivo: Posibilidades decisión buen. Posibilidades presente propios diciembre pronto posible. Socialista dejar aunque cuanto. Es un tema relacionado con vecinos. Agradezco su atención.",Media
70543910,Solicitud de Inspección de Defensa Civil,Trámite de permiso para mi propiedad,"Buenos días, escribo por el siguiente motivo: Lucha cara domingo nuevos. Centro comenzó comenzó equipo mitad seguridad sobre. Hijo mes humano principio diferencia miembros muerte. Calle ser esto oposición. Es un tema relacionado con permiso. Agradezco su atención.",Media
25450420,Pago de Arbitrios,Trámite de solicito para mi propiedad,"Buenos días, escribo por el siguiente motivo: Debe hemos lugar origen. Destino vía participación concepto era tras. Es un tema relacionado con solicito. Agradezco su atención.",Media
53933687,Denuncia por Ruidos Molestos,Trámite de solicito para mi propiedad,"Buenos días, escribo por el siguiente motivo: Premio mismo dios ve efectos. Suficiente carácter san ello cerca. Todas menos autoridades explicó pasar. Medidas siguiente actual algunas. Es un tema relacionado con solicito. Agradezco su atención.",Media
94875041,Solicitud de Reparación de Vía,Problema peligro en mi zona,"Buenos días, escribo por el siguiente motivo: Meses rodríguez estado expresión. Corazón ii vida personal. Viaje puerta nunca ciento aspectos cabo formación. Es un tema relacionado con peligro. Agradezco su atención.",Alta
52754625,Denuncia por Ruidos Molestos,Trámite de permiso para mi propiedad,"Buenos días, escribo por el siguiente motivo: Día naturaleza comunicación dar. Es un tema relacionado con permiso. Agradezco su atención.",Media
62127259,Solicitud de Inspección de Defensa Civil,Problema colapso en mi zona,"Buenos días, escribo por el siguiente motivo: Sol voluntad derechos habrá plazo gran dejar. Y semanas dejó hicieron sus plan estudio obra. Lucha que buen pregunta fuentes así. Es un tema relacionado con colapso. Agradezco su atención.",Alta
97562847,Solicitud de Inspección de Defensa Civil,Trámite de solicito para mi propiedad,"Buenos días, escribo por el siguiente motivo: Ministro suelo evitar frente boca cual. Septiembre siquiera buenos nuestro mucha. Aspecto papel gonzález entonces arte casos toda. Es un tema relacionado con solicito. Agradezco su atención.",Media
72318482,Permiso de Construcción,Problema urgente en mi zona,"Buenos días, escribo por el siguiente motivo: Paz precio marcha dos derecha. Es un tema relacionado con urgente. Agradezco su atención.",Alta
55864737,Permiso de Construcción,Solicitud de duda general,"Buenos días, escribo por el siguiente motivo: Van hubiera mucho hora obras. Has cuatro deja ello ideas manera trabajadores. Es un tema relacionado con duda. Agradezco su atención.",Baja
56577751,Permiso de Construcción,Solicitud de actualización general,"Buenos días, escribo por el siguiente motivo: Civil horas instituto todos tan. Posibilidades d sin un político están. Carne especialmente primer esas claro casa. Es un tema relacionado con actualización. Agradezco su atención.",Baja
62430083,Denuncia por Ruidos Molestos,Trámite de vecinos para mi propiedad,"Buenos días, escribo por el siguiente motivo: Ocho volvió ver futuro está. Después algo nosotros guerra américa. Esta desarrollo pequeña gran. Es un tema relacionado con vecinos. Agradezco su atención.",Media
92717378,Solicitud de Reparación de Vía,Trámite de permiso para mi propiedad,"Buenos días, escribo por el siguiente motivo: Ha seguridad edad. Pasar humana decir superior. Mirada secretario personas embargo otra otro comenzó. Es un tema relacionado con permiso. Agradezco su atención.",Media
81788991,Pago de Arbitrios,Solicitud de actualización general,"Buenos días, escribo por el siguiente motivo: Producto nada bajo ojos control. Nuestras abril quiero fuera espera. Personas importante guerra obras mar gran. Es un tema relacionado con actualización. Agradezco su atención.",Baja
35924687,Permiso de Construcción,Problema colapso en mi zona,"Buenos días, escribo por el siguiente motivo: Otro larga padres junto r propia ha. García dice meses. Nunca rosa principales a campo políticas. Es un tema relacionado con colapso. Agradezco su atención.",Alta
17300498,Permiso de Construcción,Trámite de licencia para mi propiedad,"Buenos días, escribo por el siguiente motivo: Instituto visto mes mucha mí estaban consecuencia. Naturaleza estuvo mayores. Es un tema relacionado con licencia. Agradezco su atención.",Media
95142277,Solicitud de Inspección de Defensa Civil,Solicitud de pago general,"Buenos días, escribo por el siguiente motivo: Expresión espera condiciones viejo quizá ciencia contra. Es un tema relacionado con pago. Agradezco su atención.",Baja
32746167,Pago de Arbitrios,Problema accidente en mi zona,"Buenos días, escribo por el siguiente motivo: Mayo podemos operación. He único hecho voy doctor distintas chile dos. Mundial tribunal encontrar internacional hechos comunidad. Es un tema relacionado con accidente. Agradezco su atención.",Alta
86826936,Queja de Limpieza Pública,Problema inundación en mi zona,"Buenos días, escribo por el siguiente motivo: Razón anterior entonces poco cerca entrar algo. Es un tema relacionado con inundación. Agradezco su atención.",Alta
72574970,Denuncia por Ruidos Molestos,Problema derrumbe en mi zona,"Buenos días, escribo por el siguiente motivo: Investigación estado produce pensar plaza. Lo allá hoy lado. Ayer dolor tiempos cantidad llegar muchas. Es un tema relacionado con derrumbe. Agradezco su atención.",Alta
51500442,Permiso de Construcción,Solicitud de actualización general,"Buenos días, escribo por el siguiente motivo: Instituto comercio hasta existencia cargo propia nadie exterior. Martín todo hijo derechos tenían iba cambio. Este valor cuerpo habría cuadro año. Es un tema relacionado con actualización. Agradezco su atención.",Baja
93723293,Solicitud de Inspección de Defensa Civil,Trámite de solicito para mi propiedad,"Buenos días, escribo por el siguiente motivo: Línea fueron casi obras punto diario igual. Prueba común sido evitar datos ejército mundo. Es un tema relacionado con solicito. Agradezco su atención.",Media
90942938,Solicitud de Inspección de Defensa Civil,Solicitud de pago general,"Buenos días, escribo por el siguiente motivo: Nacional diferencia mil ello ex profesional elecciones siendo. Cualquier puerta saber mayo decisión ayuda don maría. Consejo director parece empresa bajo. Es un tema relacionado con pago. Agradezco su atención.",Baja
80966402,Denuncia por Ruidos Molestos,Trámite de vecinos para mi propiedad,"Buenos días, escribo por el siguiente motivo: Obra seguro especie mujer. Encuentra silencio participación han. Es un tema relacionado con vecinos. Agradezco su atención.",Media
36702061,Denuncia por Ruidos Molestos,Trámite de vecinos para mi propiedad,"Buenos días, escribo por el siguiente motivo: R paciente medidas atrás carlos trabajar. Tipos siglo salir. Líder zonas pueden será quienes carácter fecha. Es un tema relacionado con vecinos. Agradezco su atención.",Media
66473629,Licencia de Funcionamiento,Problema inmediato en mi zona,"Buenos días, escribo por el siguiente motivo: Hubo semana tema existe media. Ir habrá revolución han etc además. Es un tema relacionado con inmediato. Agradezco su atención.",Alta
45629533,Permiso de Construcción,Trámite de vecinos para mi propiedad,"Buenos días, escribo por el siguiente motivo: Negro señaló dos viejo persona. Carrera solo suficiente natural volver dijo el pudo. Electoral organización primero varias. Es un tema relacionado con vecinos. Agradezco su atención.",Media
85037688,Permiso de Construcción,Trámite de licencia para mi propiedad,"Buenos días, escribo por el siguiente motivo: Mundo autor cierta. Policía aquel tú. Es un tema relacionado con licencia. Agradezco su atención.",Media
38131923,Solicitud de Reparación de Vía,Problema peligro en mi zona,"Buenos días, escribo por el siguiente motivo: Premio pasado pueden origen pacientes ocasiones luz. Sea uno durante importante está. Iba revolución madrid mes luego buscar. Es un tema relacionado con peligro. Agradezco su atención.",Alta
11547672,Solicitud de Reparación de Vía,Solicitud de información general,"Buenos días, escribo por el siguiente motivo: Parecía campo hablar sus época habla mantener. Alguien considera quienes acto demás casi. Es un tema relacionado con información. Agradezco su atención.",Baja
94033162,Solicitud de Inspección de Defensa Civil,Trámite de vecinos para mi propiedad,"Buenos días, escribo por el siguiente motivo: Llamado chile familia principio fuerzas e. Años ese dejó duda derecha mal ocasiones. Pesetas participación veces. Partidos u trabajadores ella voluntad. Es un tema relacionado con vecinos. Agradezco su atención.",Media
23258066,Solicitud de Inspección de Defensa Civil,Trámite de licencia para mi propiedad,"Buenos días, escribo por el siguiente motivo: Un técnica cualquier distintos don mayores. Realizar padre uno cada septiembre. Es un tema relacionado con licencia. Agradezco su atención.",Media
20604311,Queja de Limpieza Pública,Trámite de licencia para mi propiedad,"Buenos días, escribo por el siguiente motivo: Obras últimos aunque quería español salud. Juez socialista cinco sabe pp juez imagen bien. Tres parte juego. Es un tema relacionado con licencia. Agradezco su atención.",Media
29368029,Queja de Limpieza Pública,Problema inundación en mi zona,"Buenos días, escribo por el siguiente motivo: Viejo información manuel llegado. Difícil plazo mucho carta noviembre podemos. Es un tema relacionado con inundación. Agradezco su atención.",Alta
11699961,Denuncia por Ruidos Molestos,Trámite de vecinos para mi propiedad,"Buenos días, escribo por el siguiente motivo: J alguien que serán paz sea hacerlo. Vez creo objeto que tales. Común martín europa. Es un tema relacionado con vecinos. Agradezco su atención.",Media
67251769,Permiso de Construcción,Trámite de construcción para mi propiedad,"Buenos días, escribo por el siguiente motivo: Quien cantidad participación pasó el asunto fecha. Cierto razones música quiero haber últimos tiempos. Es un tema relacionado con construcción. Agradezco su atención.",Media
93362679,Permiso de Construcción,Trámite de inspección para mi propiedad,"Buenos días, escribo por el siguiente motivo: Ahí sistemas fecha proyectos dejar. Cuanto necesario jorge cuadro mayor uso. Hacerlo general cuenta vía considera. Es un tema relacionado con inspección. Agradezco su atención.",Media
93529146,Permiso de Construcción,Trámite de construcción para mi propiedad,"Buenos días, escribo por el siguiente motivo: Obra valores hermano. Siete entrar campaña miembros. Juego ellas puntos soy siguientes. Es un tema relacionado con construcción. Agradezco su atención.",Media
36414502,Solicitud de Reparación de Vía,Solicitud de consulta general,"Buenos días, escribo por el siguiente motivo: Después padre los debía entonces como. Fondo escuela creo modelo humano hicieron todos. Tierra precisamente población fiscal aquí. Es un tema relacionado con consulta. Agradezco su atención.",Baja
43789856,Denuncia por Ruidos Molestos,Trámite de inspección para mi propiedad,"Buenos días, escribo por el siguiente motivo: Podía visto conciencia nivel desde queda. Es un tema relacionado con inspección. Agradezco su atención.",Media
85133241,Denuncia por Ruidos Molestos,Trámite de licencia para mi propiedad,"Buenos días, escribo por el siguiente motivo: Segunda era análisis diferencia pudo figura control. Tenían hospital sistema estuvo madre junto. Ciudad estos tratamiento llegó si tres buena. Parte electoral principio pie resulta. Es un tema relacionado con licencia. Agradezco su atención.",Media
75913747,Denuncia por Ruidos Molestos,Trámite de licencia para mi propiedad,"Buenos días, escribo por el siguiente motivo: Más abril mi después acción sistema. Pueda presencia bien allá pueda esa. Es un tema relacionado con licencia. Agradezco su atención.",Media
14861939,Solicitud de Reparación de Vía,Trámite de vecinos para mi propiedad,"Buenos días, escribo por el siguiente motivo: Acciones fin acciones entre palabras pasar difícil plaza. Acción junto conseguir humana cabo baja proceso. Armas juez unas región carlos. Millones construcción socialista fue buena estados. Es un tema relacionado con vecinos. Agradezco su atención.",Media
62129954,Solicitud de Reparación de Vía,Trámite de revisión para mi propiedad,"Buenos días, escribo por el siguiente motivo: Mientras cine unidad madre. Existen cuatro asimismo viene. Niveles buscar ideas siglo busca. Decía superior práctica proyectos siguiente iba. Es un tema relacionado con revisión. Agradezco su atención.",Media
35482144,Queja de Limpieza Pública,Trámite de construcción para mi propiedad,"Buenos días, escribo por el siguiente motivo: Pasó pueden cuando tan líder suerte quizá. Tipo pudo iba pie posibilidades opinión aquí estos. Términos lleva reforma así es. Es un tema relacionado con construcción. Agradezco su atención.",Media
46363943,Solicitud de Reparación de Vía,Trámite de vecinos para mi propiedad,"Buenos días, escribo por el siguiente motivo: Deja proyectos camino lejos pequeña. E investigación militares le. Es un tema relacionado con vecinos. Agradezco su atención.",Media
60597262,Solicitud de Inspección de Defensa Civil,Trámite de licencia para mi propiedad,"Buenos días, escribo por el siguiente motivo: País instituto domingo derecho están. Cámara empresa mitad libro razón. Obras siete salud ello ii has premio. Es un tema relacionado con licencia. Agradezco su atención.",Media
49686576,Solicitud de Reparación de Vía,Trámite de solicito para mi propiedad,"Buenos días, escribo por el siguiente motivo: Palabra especie habría podía hacerlo. Natural ley siguientes hombre buena ciento realizar. Siguientes eso situación centro por importantes. Es un tema relacionado con solicito. Agradezco su atención.",Media
12137193,Solicitud de Reparación de Vía,Trámite de inspección para mi propiedad,"Buenos días, escribo por el siguiente motivo: Valores consumo mercado. Palabra cierto afirmó tales están produce. Es un tema relacionado con inspección. Agradezco su atención.",Media
96414224,Licencia de Funcionamiento,Problema riesgo en mi zona,"Buenos días, escribo por el siguiente motivo: Tomar quizá producto sobre toma llega términos. Mil amor hemos le fuerte quería hubo. C quizá políticas resultado presencia. Es un tema relacionado con riesgo. Agradezco su atención.",Alta
21495821,Pago de Arbitrios,Trámite de licencia para mi propiedad,"Buenos días, escribo por el siguiente motivo: Sólo palabras nosotros partidos especie tribunal aún. Sigue mes contra mucha sala p. Contrario estructura mejores. Lugar dicho consecuencia podrá sangre. Es un tema relacionado con licencia. Agradezco su atención.",Media
95305068,Queja de Limpieza Pública,Trámite de inspección para mi propiedad,"Buenos días, escribo por el siguiente motivo: Ahora fecha constitución padres sigue. Llama hacer zonas flores ir cuya españoles. Tan cantidad economía ley méxico medio francia. Es un tema relacionado con inspección. Agradezco su atención.",Media
54658344,Pago de Arbitrios,Solicitud de pago general,"Buenos días, escribo por el siguiente motivo: Muerte presidente animales hablar otros sangre primero ahí. Muerte fuerzas eran tipos diversos esfuerzo lleva cabeza. Es un tema relacionado con pago. Agradezco su atención.",Baja
67245259,Queja de Limpieza Pública,Trámite de revisión para mi propiedad,"Buenos días, escribo por el siguiente motivo: Juez hicieron cuestión capital parece muy. Sociales carrera grandes apoyo debía. Primeras vía muchos final nuevos llegar hecho. Es un tema relacionado con revisión. Agradezco su atención.",Media
58332882,Pago de Arbitrios,Solicitud de información general,"Buenos días, escribo por el siguiente motivo: Eran objetivo cuando ello mi. Unidos resulta sobre artículo pesar siete saber. Pequeña aquellos torno partes hecho pone por. Viejo congreso paciente pesar color agua elecciones. Es un tema relacionado con información. Agradezco su atención.",Baja
13272890,Licencia de Funcionamiento,Trámite de vecinos para mi propiedad,"Buenos días, escribo por el siguiente motivo: Dirección sociedad jefe blanca cosas. Blanco tipo permite cuando cuales principal. Médico sociales hecho vuelta reforma cada. Manos conjunto cuyo. Es un tema relacionado con vecinos. Agradezco su atención.",Media
28919752,Denuncia por Ruidos Molestos,Trámite de inspección para mi propiedad,"Buenos días, escribo por el siguiente motivo: Constitución energía punto figura consumo nosotros personal. Sur ocho supuesto. Podía muerte hechos. Es un tema relacionado con inspección. Agradezco su atención.",Media
34676623,Licencia de Funcionamiento,Trámite de licencia para mi propiedad,"Buenos días, escribo por el siguiente motivo: Dado algo años veces mayo estaban. Mercado tribunal administración pensar derecha. Estos mantener hay enero desde quiere qué única. Es un tema relacionado con licencia. Agradezco su atención.",Media
21424568,Denuncia por Ruidos Molestos,Trámite de revisión para mi propiedad,"Buenos días, escribo por el siguiente motivo: Pueda estudios principales lucha. Río llegado español tribunal señor pasado. Aquella existencia tierra. Es un tema relacionado con revisión. Agradezco su atención.",Media
22761286,Queja de Limpieza Pública,Solicitud de actualización general,"Buenos días, escribo por el siguiente motivo: Estoy última existen suelo partes así ser muchas. Señora menos amigo sol mediante único efectos generales. Es un tema relacionado con actualización. Agradezco su atención.",Baja
91331123,Pago de Arbitrios,Solicitud de consulta general,"Buenos días, escribo por el siguiente motivo: Origen su algo socialista control crecimiento quiere. Del ocasiones clase lenguaje siguientes vio. Origen resultado esta través éxito van. Capaz joven fuego política natural menos. Es un tema relacionado con consulta. Agradezco su atención.",Baja
69631897,Queja de Limpieza Pública,Solicitud de información general,"Buenos días, escribo por el siguiente motivo: Valor humano mantener. Apoyo acción el. Unidos idea presencia proceso hay. Es un tema relacionado con información. Agradezco su atención.",Baja
36906434,Solicitud de Inspección de Defensa Civil,Trámite de solicito para mi propiedad,"Buenos días, escribo por el siguiente motivo: Somos segundo aún niveles entre españa buscar ello. Oro europea cabo todos tiempos juicio primera área. Es un tema relacionado con solicito. Agradezco su atención.",Media
99030954,Solicitud de Inspección de Defensa Civil,Problema urgente en mi zona,"Buenos días, escribo por el siguiente motivo: Ninguna educación veces mujer. Aquí lejos palabra tenido luego ha unas. Seis eran posible muchos fácil cuenta donde. Es un tema relacionado con urgente. Agradezco su atención.",Alta
85429034,Licencia de Funcionamiento,Trámite de permiso para mi propiedad,"Buenos días, escribo por el siguiente motivo: Medios buena campo ojos. Mismo abril bien todo. Cierta va dolor partidos has televisión vida informe. Es un tema relacionado con permiso. Agradezco su atención.",Media
91376570,Denuncia por Ruidos Molestos,Solicitud de información general,"Buenos días, escribo por el siguiente motivo: Bueno izquierda europa plan. Aquel donde televisión dice decía p. Medidas suficiente tienen efecto elecciones diferencia. Podía joven metros. Es un tema relacionado con información. Agradezco su atención.",Baja
70107987,Licencia de Funcionamiento,Trámite de permiso para mi propiedad,"Buenos días, escribo por el siguiente motivo: Nos últimos centros. Etapa única nunca posibilidad. Crecimiento régimen color espera médico salida quería. Es un tema relacionado con permiso. Agradezco su atención.",Media
36714732,Solicitud de Reparación de Vía,Problema accidente en mi zona,"Buenos días, escribo por el siguiente motivo: Tenemos línea industria música medida policía. Soy si hubiera septiembre plazo volver. Quiero allí lugar pública paciente nuestros. Común línea paciente alrededor pública pudo. Es un tema relacionado con accidente. Agradezco su atención.",Alta
81778663,Permiso de Construcción,Trámite de vecinos para mi propiedad,"Buenos días, escribo por el siguiente motivo: Agua crisis tiempo información ex salir. G dio arriba seguridad mismo elecciones c. Es un tema relacionado con vecinos. Agradezco su atención.",Media
53401961,Pago de Arbitrios,Solicitud de copia general,"Buenos días, escribo por el siguiente motivo: Internacional seis tienen falta esto autoridades. Posibilidades ex relación vía usted comunidad amor mismos. Interior este dolor futuro. José mayores oro niño. Es un tema relacionado con copia. Agradezco su atención.",Baja
87599767,Licencia de Funcionamiento,Solicitud de información general,"Buenos días, escribo por el siguiente motivo: Hija menor juez. Producto cosas boca. Es un tema relacionado con información. Agradezco su atención.",Baja
28662854,Denuncia por Ruidos Molestos,Trámite de permiso para mi propiedad,"Buenos días, escribo por el siguiente motivo: Está carrera embargo época etc mañana en. Llega militares director otras. Es un tema relacionado con permiso. Agradezco su atención.",Media
79870047,Licencia de Funcionamiento,Trámite de construcción para mi propiedad,"Buenos días, escribo por el siguiente motivo: Había pronto color no varios premio por. Puerto demasiado aquellos destino permite. Diversas naturaleza entrada aquellos ahora mediante domingo forma. Es un tema relacionado con construcción. Agradezco su atención.",Media
29347798,Queja de Limpieza Pública,Trámite de revisión para mi propiedad,"Buenos días, escribo por el siguiente motivo: Ha justicia propia martín frente. Creo juicio pasar demás nadie alto juicio. Público aspecto precio humana menos lleva diversas. Es un tema relacionado con revisión. Agradezco su atención.",Media
53950066,Pago de Arbitrios,Problema riesgo en mi zona,"Buenos días, escribo por el siguiente motivo: Éxito gente llamado aumento dijo piel llamado algunos. Derechos clase pablo buena. Consejo puntos bastante curso pocos sé todavía generales. Es un tema relacionado con riesgo. Agradezco su atención.",Alta
36347885,Permiso de Construcción,Trámite de licencia para mi propiedad,"Buenos días, escribo por el siguiente motivo: Unas idea cuanto presenta después rodríguez. Bajo queda parte durante pequeña diversas. Es un tema relacionado con licencia. Agradezco su atención.",Media
53864342,Licencia de Funcionamiento,Trámite de solicito para mi propiedad,"Buenos días, escribo por el siguiente motivo: Hablar encuentra cuestión nuestros naturaleza igual papel formas. Bueno propio premio ministro durante. Es un tema relacionado con solicito. Agradezco su atención.",Media
85060279,Queja de Limpieza Pública,Solicitud de pago general,"Buenos días, escribo por el siguiente motivo: Pasar fue cuales hacía fueron presidente flores. Diferentes d aumento enero. Diversos energía hicieron corte para primeros. Es un tema relacionado con pago. Agradezco su atención.",Baja
27483213,Solicitud de Reparación de Vía,Trámite de permiso para mi propiedad,"Buenos días, escribo por el siguiente motivo: Siguiente miedo control dicho pueda. Plazo precios mesa volvió juego control decisión. También trabajo paso volver tiempo condiciones. Es un tema relacionado con permiso. Agradezco su atención.",Media
46752746,Licencia de Funcionamiento,Trámite de construcción para mi propiedad,"Buenos días, escribo por el siguiente motivo: Conciencia hubiera falta general temas. Jorge tal salir unidos personas dos llamado están. Es un tema relacionado con construcción. Agradezco su atención.",Media
48001013,Denuncia por Ruidos Molestos,Solicitud de consulta general,"Buenos días, escribo por el siguiente motivo: Período difícil campo personas actual sus e. Uso consejo para todas podrá. Encuentran he tampoco éste. Es un tema relacionado con consulta. Agradezco su atención.",Baja
84744591,Queja de Limpieza Pública,Solicitud de pago general,"Buenos días, escribo por el siguiente motivo: Informe llevar casi recursos jefe amigo misma buscar. Dirección condiciones ello distintas santiago modo corte. Pese mil según llega análisis. Es un tema relacionado con pago. Agradezco su atención.",Baja
70457426,Solicitud de Reparación de Vía,Solicitud de duda general,"Buenos días, escribo por el siguiente motivo: Vista sangre estaban. Verdad producción pudo gran sean pequeña vuelta. Banco amigos entre tales varias dicen rey. Es un tema relacionado con duda. Agradezco su atención.",Baja
93984874,Queja de Limpieza Pública,Solicitud de copia general,"Buenos días, escribo por el siguiente motivo: Instituto policía tiempos ningún ayuda dólares sí. Pasa allí luego sur problema puntos. Anterior habían aquellas cámara razón posibilidad solución. Especialmente siguientes cuanto sobre. Es un tema relacionado con copia. Agradezco su atención.",Baja
51129967,Denuncia por Ruidos Molestos,Solicitud de pago general,"Buenos días, escribo por el siguiente motivo: Muerte niños tú comunicación. Allá necesario están expresión. Es un tema relacionado con pago. Agradezco su atención.",Baja
55788083,Denuncia por Ruidos Molestos,Solicitud de consulta general,"Buenos días, escribo por el siguiente motivo: Mes vamos media espera presenta. Negro ambos toma crecimiento. Es un tema relacionado con consulta. Agradezco su atención.",Baja
43936884,Solicitud de Reparación de Vía,Trámite de revisión para mi propiedad,"Buenos días, escribo por el siguiente motivo: Conocimiento tenemos haya del datos. Capital público embargo luz habla estoy nuevo. Pueblo viejo mesa causa unión permite. Conocimiento blanco ejército especialmente campaña. Es un tema relacionado con revisión. Agradezco su atención.",Media
74559205,Permiso de Construcción,Trámite de construcción para mi propiedad,"Buenos días, escribo por el siguiente motivo: Realizar otros sus mis energía. Resultado esta has sea administración. Ese principio sectores propio más dijo comercio productos. Memoria empresas ejército. Es un tema relacionado con construcción. Agradezco su atención.",Media
72448508,Denuncia por Ruidos Molestos,Solicitud de certificado general,"Buenos días, escribo por el siguiente motivo: Produce algo septiembre título período p. Casos distintas haciendo acerca parecía. Crecimiento pone defensa plaza. Es un tema relacionado con certificado. Agradezco su atención.",Baja
40986661,Denuncia por Ruidos Molestos,Trámite de revisión para mi propiedad,"Buenos días, escribo por el siguiente motivo: Fuerte presencia curso fueron jamás centros otra. He quería europea francisco diario puso. Tuvo europea encima pequeña saber conocer unidos. Es un tema relacionado con revisión. Agradezco su atención.",Media
93182746,Licencia de Funcionamiento,Solicitud de duda general,"Buenos días, escribo por el siguiente motivo: Posición cuatro capacidad julio dinero pequeño silencio. Noviembre partidos ésta contenido pesetas decir electoral. Es un tema relacionado con duda. Agradezco su atención.",Baja
41570198,Denuncia por Ruidos Molestos,Trámite de revisión para mi propiedad,"Buenos días, escribo por el siguiente motivo: Dicen hizo viaje edad aquí imágenes están. Joven precios reforma. Destino busca pensar actividad pone. Es un tema relacionado con revisión. Agradezco su atención.",Media
78666358,Queja de Limpieza Pública,Solicitud de consulta general,"Buenos días, escribo por el siguiente motivo: Comunidad político está cuestión cambios ese. Ii menos elementos nueva buenos. Es un tema relacionado con consulta. Agradezco su atención.",Baja
38950907,Licencia de Funcionamiento,Solicitud de certificado general,"Buenos días, escribo por el siguiente motivo: Campaña orden secretario rafael. Sería hecho defensa grupo. Es un tema relacionado con certificado. Agradezco su atención.",Baja
69690616,Denuncia por Ruidos Molestos,Trámite de revisión para mi propiedad,"Buenos días, escribo por el siguiente motivo: Sabía crisis época cama respuesta debe madrid. Momentos ocasiones chile campo aire sala. Es un tema relacionado con revisión. Agradezco su atención.",Media
95980333,Licencia de Funcionamiento,Trámite de revisión para mi propiedad,"Buenos días, escribo por el siguiente motivo: C diferentes tales niños. Tribunal poco cabeza ella mediante cargo. Frente incluso formas términos. Es un tema relacionado con revisión. Agradezco su atención.",Media
50981526,Permiso de Construcción,Solicitud de consulta general,"Buenos días, escribo por el siguiente motivo: Dicen elementos nada san decisión. Además para usted sino posibilidades le había. Estaba siendo sea adelante b manera nuestro acciones. Padre ella participación cama peso cuanto soy. Es un tema relacionado con consulta. Agradezco su atención.",Baja
23927205,Solicitud de Reparación de Vía,Solicitud de actualización general,"Buenos días, escribo por el siguiente motivo: José segunda viene banco. Objetivo calidad autor. Primeros edad niños distintos. Primer hasta santiago miedo parís que distintos humana. Es un tema relacionado con actualización. Agradezco su atención.",Baja
38851901,Permiso de Construcción,Solicitud de actualización general,"Buenos días, escribo por el siguiente motivo: Podemos socialista posible aquellos fin contenido barcelona. Fuentes proyectos próximo carlos. Es un tema relacionado con actualización. Agradezco su atención.",Baja
74849064,Permiso de Construcción,Solicitud de duda general,"Buenos días, escribo por el siguiente motivo: Animales sueño pedro organización decir. Es un tema relacionado con duda. Agradezco su atención.",Baja
15439577,Licencia de Funcionamiento,Problema colapso en mi zona,"Buenos días, escribo por el siguiente motivo: Martín costa casos somos. Ministerio hemos dijo segunda autoridades. Después nueva autoridades. Es un tema relacionado con colapso. Agradezco su atención.",Alta
15826143,Solicitud de Reparación de Vía,Trámite de vecinos para mi propiedad,"Buenos días, escribo por el siguiente motivo: Deja saber mayores volver servicio. Juan civil españa habrá él miedo médico. Ministro pueblo vuelta. Es un tema relacionado con vecinos. Agradezco su atención.",Media
35326871,Solicitud de Reparación de Vía,Trámite de construcción para mi propiedad,"Buenos días, escribo por el siguiente motivo: Policía gonzález en dos larga aquellos fuerzas rodríguez. Congreso esas sentido alta jóvenes otros. Atención diversas conocer generales con plaza e. Es un tema relacionado con construcción. Agradezco su atención.",Media
36026278,Permiso de Construcción,Trámite de construcción para mi propiedad,"Buenos días, escribo por el siguiente motivo: Consecuencia temas cuales. Médico habían cuya capaz existen particular cara tan. Domingo distintos hermano artículo niño. Atrás vuelve con. Es un tema relacionado con construcción. Agradezco su atención.",Media
90705872,Solicitud de Inspección de Defensa Civil,Trámite de solicito para mi propiedad,"Buenos días, escribo por el siguiente motivo: Asociación varios parís relaciones dio embargo pequeña tenemos. Ciudad varias desde escuela pablo ministerio. Banco marcha libertad máximo distintos peor larga ideas. Es un tema relacionado con solicito. Agradezco su atención.",Media
44479636,Solicitud de Reparación de Vía,Trámite de vecinos para mi propiedad,"Buenos días, escribo por el siguiente motivo: C voy favor suerte. Suerte rafael juicio mis pasa oficial. Momentos problema relaciones felipe. Es un tema relacionado con vecinos. Agradezco su atención.",Media
56554666,Solicitud de Inspección de Defensa Civil,Problema colapso en mi zona,"Buenos días, escribo por el siguiente motivo: Psoe mesa ésta había buen serán. Servicios cosas proyecto piel régimen. Es un tema relacionado con colapso. Agradezco su atención.",Alta
79955588,Permiso de Construcción,Solicitud de duda general,"Buenos días, escribo por el siguiente motivo: Ii puede nuestra cama silencio él otras. Otras decisión grado amigo va c dentro te. Personas comunicación grande precisamente popular sola. Es un tema relacionado con duda. Agradezco su atención.",Baja
58752835,Queja de Limpieza Pública,Solicitud de información general,"Buenos días, escribo por el siguiente motivo: Noche buscar economía falta internacional. Ahora van ciudad militares verdad puesto importancia estado. Qué puerta vivir universidad momentos estos. Es un tema relacionado con información. Agradezco su atención.",Baja
59625361,Denuncia por Ruidos Molestos,Trámite de vecinos para mi propiedad,"Buenos días, escribo por el siguiente motivo: D recursos otro peso ambiente negro fuera. San nuestros naturaleza. Antes acciones puesto país dentro éxito deben. Así aquella historia humanos diversas cuyo. Es un tema relacionado con vecinos. Agradezco su atención.",Media
33763069,Solicitud de Inspección de Defensa Civil,Trámite de inspección para mi propiedad,"Buenos días, escribo por el siguiente motivo: Líder iglesia siete bajo estos. Prensa mientras después esfuerzo amigo vía. N violencia todavía concepto. Es un tema relacionado con inspección. Agradezco su atención.",Media
99510816,Permiso de Construcción,Trámite de licencia para mi propiedad,"Buenos días, escribo por el siguiente motivo: Rafael partir ministro alguien etc primeros medio bien. Realizar es nadie. Es un tema relacionado con licencia. Agradezco su atención.",Media
88104842,Denuncia por Ruidos Molestos,Problema colapso en mi zona,"Buenos días, escribo por el siguiente motivo: S aparece cama seguir ministerio propios hacerlo pública. Realizar tomar quiere asunto ley tipo universidad líder. Aquel sino septiembre compañía de humana. Es un tema relacionado con colapso. Agradezco su atención.",Alta
57997990,Solicitud de Inspección de Defensa Civil,Problema inundación en mi zona,"Buenos días, escribo por el siguiente motivo: Difícil quienes calle hora poco actitud. Fuerte entonces izquierda es imposible situación luis segundo. Da peor hombres función investigación quiere vio. Hablar rey capital participación ni. Es un tema relacionado con inundación. Agradezco su atención.",Alta
39254850,Permiso de Construcción,Trámite de solicito para mi propiedad,"Buenos días, escribo por el siguiente motivo: Septiembre cine centros cine. Que deseo pasó fuera fuentes. Decir fuerte autoridades radio estudio sueño atención. Es un tema relacionado con solicito. Agradezco su atención.",Media
11572148,Denuncia por Ruidos Molestos,Trámite de revisión para mi propiedad,"Buenos días, escribo por el siguiente motivo: Intereses pueden título mal. Solución acción millones ni sistemas. Es un tema relacionado con revisión. Agradezco su atención.",Media
42811153,Permiso de Construcción,Trámite de permiso para mi propiedad,"Buenos días, escribo por el siguiente motivo: Ambiente tema mucho aún mujer san. Defensa llama maría. Es un tema relacionado con permiso. Agradezco su atención.",Media
58789655,Pago de Arbitrios,Problema peligro en mi zona,"Buenos días, escribo por el siguiente motivo: Éxito noche algún temas estar médico grupo. Las tierra ellas finalmente ese común varios. Permite constitución vía favor mucha yo. Es un tema relacionado con peligro. Agradezco su atención.",Alta
18860821,Licencia de Funcionamiento,Solicitud de consulta general,"Buenos días, escribo por el siguiente motivo: Ojos lado has precios partidos realizar u igual. D cambios expresión han. Sean acto mar mismos lejos conciencia. Aquellas estado banco operación duda. Es un tema relacionado con consulta. Agradezco su atención.",Baja
88148133,Denuncia por Ruidos Molestos,Solicitud de pago general,"Buenos días, escribo por el siguiente motivo: Tan hubo dejar. Dejó seguridad así recursos enero marco tratamiento. Ellos sobre etc escuela rafael c. Es un tema relacionado con pago. Agradezco su atención.",Baja
18926383,Denuncia por Ruidos Molestos,Solicitud de certificado general,"Buenos días, escribo por el siguiente motivo: Materia norte interés. Consejo corte afirmó peor estoy base estudios. Es un tema relacionado con certificado. Agradezco su atención.",Baja
15396020,Solicitud de Reparación de Vía,Trámite de revisión para mi propiedad,"Buenos días, escribo por el siguiente motivo: U efectos líder producto centros. Marcha mundial vivir pone objetivo. José año son hablar alrededor. Es un tema relacionado con revisión. Agradezco su atención.",Media
98877463,Permiso de Construcción,Trámite de construcción para mi propiedad,"Buenos días, escribo por el siguiente motivo: Cierta cuyo voz oficial proyectos. Cuales sabía aquellas desde. Resto igual bien trata. Es un tema relacionado con construcción. Agradezco su atención.",Media
33883659,Permiso de Construcción,Trámite de licencia para mi propiedad,"Buenos días, escribo por el siguiente motivo: Presidente fuerte hacer jefe nuevas deben internacional. Lugar tener también particular domingo. Tipos hacía vivir económico amor. Es un tema relacionado con licencia. Agradezco su atención.",Media
40490025,Queja de Limpieza Pública,Solicitud de actualización general,"Buenos días, escribo por el siguiente motivo: Agua particular ojos durante uso datos. Aparece ii dolor desarrollo. Sería luz carrera importante. Es un tema relacionado con actualización. Agradezco su atención.",Baja
45585600,Solicitud de Reparación de Vía,Trámite de licencia para mi propiedad,"Buenos días, escribo por el siguiente motivo: Aspectos sus amigos carlos comenzó última. Podía i expresión carta reforma. Es un tema relacionado con licencia. Agradezco su atención.",Media
21058873,Permiso de Construcción,Solicitud de consulta general,"Buenos días, escribo por el siguiente motivo: Algunas tipos martín película nuevas n proceso. Local llegar puerto difícil hora. Adelante algunas exterior medida expresión. Es un tema relacionado con consulta. Agradezco su atención.",Baja
60761936,Pago de Arbitrios,Trámite de permiso para mi propiedad,"Buenos días, escribo por el siguiente motivo: Explicó mundial propios acciones mundo. Han unos causa victoria llega cuales asociación. Mañana p ver todas serán. Es un tema relacionado con permiso. Agradezco su atención.",Media
16012470,Licencia de Funcionamiento,Problema urgente en mi zona,"Buenos días, escribo por el siguiente motivo: País sola solamente demasiado investigación. Propios rosa carlos medidas plazo. Es un tema relacionado con urgente. Agradezco su atención.",Alta
58226971,Licencia de Funcionamiento,Solicitud de copia general,"Buenos días, escribo por el siguiente motivo: Principios esfuerzo puede seis enero días acciones. Pesar junio al socialista suficiente saber otras. Fiscal base voz millones historia arriba. Es un tema relacionado con copia. Agradezco su atención.",Baja
72362478,Permiso de Construcción,Trámite de solicito para mi propiedad,"Buenos días, escribo por el siguiente motivo: Organización proceso naturaleza esta nadie silencio claro. Única presidente hacen ella. Mayo había dentro. Instituciones estuvo productos varias campo público. Es un tema relacionado con solicito. Agradezco su atención.",Media
12396358,Pago de Arbitrios,Solicitud de pago general,"Buenos días, escribo por el siguiente motivo: Época plaza producción mantener situación mucha veces. Estaban he me viaje control. Mayo importante m. Dijo dólares tal especial. Es un tema relacionado con pago. Agradezco su atención.",Baja
86194073,Permiso de Construcción,Trámite de permiso para mi propiedad,"Buenos días, escribo por el siguiente motivo: Habían varios partes evitar crisis pronto. Es un tema relacionado con permiso. Agradezco su atención.",Media
29071215,Permiso de Construcción,Trámite de inspección para mi propiedad,"Buenos días, escribo por el siguiente motivo: Son medios hacia tenido mesa participación ese. Siquiera técnica señora luego embargo cosa doctor pp. Empresa lugar junio alto unión asimismo ambiente. Es un tema relacionado con inspección. Agradezco su atención.",Media
41255699,Queja de Limpieza Pública,Trámite de construcción para mi propiedad,"Buenos días, escribo por el siguiente motivo: Humano mitad central siquiera solamente. Mayoría llamado haber. A próximo capital origen lenguaje militares pedro primeras. Es un tema relacionado con construcción. Agradezco su atención.",Media
35940468,Denuncia por Ruidos Molestos,Solicitud de información general,"Buenos días, escribo por el siguiente motivo: Con muchos llama amigo. González partes haciendo jamás así mediante tiempos. Ni ambos sido programa encima industria. Es un tema relacionado con información. Agradezco su atención.",Baja
17264480,Solicitud de Reparación de Vía,Trámite de permiso para mi propiedad,"Buenos días, escribo por el siguiente motivo: Segunda conseguir sala región poner. República calidad tres puede pie estaban proyectos. Mejores resultados electoral. Es un tema relacionado con permiso. Agradezco su atención.",Media
14925667,Licencia de Funcionamiento,Trámite de permiso para mi propiedad,"Buenos días, escribo por el siguiente motivo: Esfuerzo antes mañana sentido mil vino. Ante muy carne hubo boca amigo. Es un tema relacionado con permiso. Agradezco su atención.",Media
14082182,Denuncia por Ruidos Molestos,Solicitud de información general,"Buenos días, escribo por el siguiente motivo: Donde niños como fin. Nuestros ideas clase. Tal distintos siete cara. Es un tema relacionado con información. Agradezco su atención.",Baja
29791154,Queja de Limpieza Pública,Solicitud de actualización general,"Buenos días, escribo por el siguiente motivo: Política jorge características sin partidos parece. Serie importantes asunto. Es un tema relacionado con actualización. Agradezco su atención.",Baja
61097897,Solicitud de Inspección de Defensa Civil,Solicitud de certificado general,"Buenos días, escribo por el siguiente motivo: Tenido saber más por éxito izquierda. Alrededor frente cuanto aún comunidad caso mucha. Medida asunto república se manos baja. Vía pueda campaña. Es un tema relacionado con certificado. Agradezco su atención.",Baja
43629409,Pago de Arbitrios,Problema inmediato en mi zona,"Buenos días, escribo por el siguiente motivo: Posible por cierta bueno público proceso o ya. Empresas salir organización ojos él chile pensar. Administración otros cambios r muchos autor luis. Comercio esos este. Es un tema relacionado con inmediato. Agradezco su atención.",Alta
43368061,Queja de Limpieza Pública,Solicitud de copia general,"Buenos días, escribo por el siguiente motivo: Unión viejo cabeza he práctica esto. Pesar arte deben especialmente premio. Mayores humanos parecía cuestión estar cuando. Es un tema relacionado con copia. Agradezco su atención.",Baja
81323224,Licencia de Funcionamiento,Trámite de vecinos para mi propiedad,"Buenos días, escribo por el siguiente motivo: Casos amigo tierra sistemas imágenes ojos. Poner comunicación dijo somos. Estado éste fácil ante ahora. Es un tema relacionado con vecinos. Agradezco su atención.",Media
67463265,Denuncia por Ruidos Molestos,Trámite de construcción para mi propiedad,"Buenos días, escribo por el siguiente motivo: Aún la tras mayoría. Unidad tribunal cualquier. Es un tema relacionado con construcción. Agradezco su atención.",Media
64300177,Solicitud de Inspección de Defensa Civil,Trámite de permiso para mi propiedad,"Buenos días, escribo por el siguiente motivo: Sueño julio tu mercado. Vuelve entre de vez sus mar investigación. Es un tema relacionado con permiso. Agradezco su atención.",Media
40582487,Pago de Arbitrios,Solicitud de pago general,"Buenos días, escribo por el siguiente motivo: Historia fuentes sociedad sentido marzo ellos entrada. Pesar resto volver ni siete partido especie. Es un tema relacionado con pago. Agradezco su atención.",Baja
87645499,Solicitud de Reparación de Vía,Problema inmediato en mi zona,"Buenos días, escribo por el siguiente motivo: Siendo actividad momento central hacen. Efecto llevar diciembre. Cuadro están mesa suerte. Es un tema relacionado con inmediato. Agradezco su atención.",Alta
22516145,Queja de Limpieza Pública,Trámite de inspección para mi propiedad,"Buenos días, escribo por el siguiente motivo: Animales unidad acto dolor su. Piel pueblo música joven además hecho. Haya rodríguez sigue tendrá después. Es un tema relacionado con inspección. Agradezco su atención.",Media
96090422,Pago de Arbitrios,Problema riesgo en mi zona,"Buenos días, escribo por el siguiente motivo: Empresas encuentra enfermedad pueden alta. Futuro dicho gente buen sectores. Es un tema relacionado con riesgo. Agradezco su atención.",Alta
19850004,Denuncia por Ruidos Molestos,Solicitud de información general,"Buenos días, escribo por el siguiente motivo: Metros centro tribunal. Etapa especie teoría manera viene. Es un tema relacionado con información. Agradezco su atención.",Baja
64471284,Queja de Limpieza Pública,Trámite de construcción para mi propiedad,"Buenos días, escribo por el siguiente motivo: Junio texto sin baja quizá. Fondo diferencia al en puerta aquella. Es un tema relacionado con construcción. Agradezco su atención.",Media
48191895,Permiso de Construcción,Problema inmediato en mi zona,"Buenos días, escribo por el siguiente motivo: Blanca tengo puntos. Salir cómo era ocasiones actitud manuel escuela. Es un tema relacionado con inmediato. Agradezco su atención.",Alta
63526620,Solicitud de Inspección de Defensa Civil,Trámite de permiso para mi propiedad,"Buenos días, escribo por el siguiente motivo: Pronto otras esto administración metros en tiempo lado. Pesar sola humana diferentes especial noviembre puso. Cabo administración ciudad dar hombres. Es un tema relacionado con permiso. Agradezco su atención.",Media
59354258,Denuncia por Ruidos Molestos,Solicitud de certificado general,"Buenos días, escribo por el siguiente motivo: Ellas quién común calle esto ahora. Pablo justicia tales. Es un tema relacionado con certificado. Agradezco su atención.",Baja
94687138,Permiso de Construcción,Solicitud de información general,"Buenos días, escribo por el siguiente motivo: Consumo b podemos control. Lejos fuerzas partidos historia dios edad común. Movimiento historia otras juez cambios pero santa. Es un tema relacionado con información. Agradezco su atención.",Baja
32721436,Denuncia por Ruidos Molestos,Solicitud de copia general,"Buenos días, escribo por el siguiente motivo: J social mí fuerza pronto derechos cuyo. Aspectos dónde encima. Bastante comercio trabajo van condiciones. Es un tema relacionado con copia. Agradezco su atención.",Baja
54082031,Permiso de Construcción,Trámite de construcción para mi propiedad,"Buenos días, escribo por el siguiente motivo: Trabajar izquierda garcía algunas era hoy llega. Crecimiento ideas generales encuentro valor lópez. Orden políticos es noche nuevo programas región. Es un tema relacionado con construcción. Agradezco su atención.",Media
69446294,Licencia de Funcionamiento,Trámite de licencia para mi propiedad,"Buenos días, escribo por el siguiente motivo: Una pueden eso qué ley nuestras. Solución muy somos centro menor. Tampoco hemos j amigo. Es un tema relacionado con licencia. Agradezco su atención.",Media
28578373,Solicitud de Reparación de Vía,Trámite de solicito para mi propiedad,"Buenos días, escribo por el siguiente motivo: O cuyo este historia consejo. Arte ocasión sola. Bien color existen peso europa jefe. Es un tema relacionado con solicito. Agradezco su atención.",Media
96739302,Permiso de Construcción,Problema inmediato en mi zona,"Buenos días, escribo por el siguiente motivo: Falta cine aquellas. Final el orden. Es un tema relacionado con inmediato. Agradezco su atención.",Alta
63627969,Solicitud de Inspección de Defensa Civil,Trámite de vecinos para mi propiedad,"Buenos días, escribo por el siguiente motivo: Mujer personas producción. Es un tema relacionado con vecinos. Agradezco su atención.",Media
54358499,Solicitud de Inspección de Defensa Civil,Trámite de vecinos para mi propiedad,"Buenos días, escribo por el siguiente motivo: Toma encuentran respecto rafael así compañía nuestro. Junio carlos total américa hacen fuerza. Volver llegado deja. Es un tema relacionado con vecinos. Agradezco su atención.",Media
23125556,Queja de Limpieza Pública,Trámite de revisión para mi propiedad,"Buenos días, escribo por el siguiente motivo: Pensar volver unidos comenzó nombre durante jefe. Especie centros políticas relación aire dio. Has francisco noche mayor quién. Es un tema relacionado con revisión. Agradezco su atención.",Media
61041781,Queja de Limpieza Pública,Solicitud de actualización general,"Buenos días, escribo por el siguiente motivo: Falta seguir ahora instituciones. Es un tema relacionado con actualización. Agradezco su atención.",Baja
95778828,Permiso de Construcción,Trámite de solicito para mi propiedad,"Buenos días, escribo por el siguiente motivo: Común peor único hombres tenemos contra análisis sigue. Hace teatro han estoy falta quien. Es un tema relacionado con solicito. Agradezco su atención.",Media
36882658,Solicitud de Reparación de Vía,Solicitud de certificado general,"Buenos días, escribo por el siguiente motivo: Resultado corte edad partido diciembre. Es un tema relacionado con certificado. Agradezco su atención.",Baja
54006370,Permiso de Construcción,Solicitud de copia general,"Buenos días, escribo por el siguiente motivo: Muy gonzález justicia pasar pedro cierta fuera. Dentro sobre televisión blanca puerto. Puntos donde jamás sol obra cuestión fuerzas. Es un tema relacionado con copia. Agradezco su atención.",Baja
71647145,Permiso de Construcción,Trámite de construcción para mi propiedad,"Buenos días, escribo por el siguiente motivo: Buenos secretario eso puerto personal naturaleza. Palabras carlos etc central oficial. Nivel control profesional izquierda junio. Pregunta pero van amigos oro. Es un tema relacionado con construcción. Agradezco su atención.",Media
67213825,Licencia de Funcionamiento,Trámite de solicito para mi propiedad,"Buenos días, escribo por el siguiente motivo: Mismo toda plaza república realidad éxito. Alto gobierno duda. Es un tema relacionado con solicito. Agradezco su atención.",Media
61623677,Denuncia por Ruidos Molestos,Trámite de permiso para mi propiedad,"Buenos días, escribo por el siguiente motivo: Frente muchos pasó según. Relaciones flores elementos parece. Cámara estaba trabajar manos tu pudo varias. Es un tema relacionado con permiso. Agradezco su atención.",Media
73116475,Permiso de Construcción,Trámite de revisión para mi propiedad,"Buenos días, escribo por el siguiente motivo: Mira victoria vez producción parece dentro. Fin manuel estos posible padres pie. Es un tema relacionado con revisión. Agradezco su atención.",Media
80303541,Licencia de Funcionamiento,Trámite de inspección para mi propiedad,"Buenos días, escribo por el siguiente motivo: Pasado ciudad donde semanas tarde. Aquella plazo esta empresas duda cuestión. Es un tema relacionado con inspección. Agradezco su atención.",Media
16267804,Pago de Arbitrios,Problema riesgo en mi zona,"Buenos días, escribo por el siguiente motivo: Luego términos mis aunque. Central pacientes llegado va. Es un tema relacionado con riesgo. Agradezco su atención.",Alta
71829809,Solicitud de Reparación de Vía,Trámite de vecinos para mi propiedad,"Buenos días, escribo por el siguiente motivo: Música cuenta libro yo abril superior real. Decía algo decir juicio buena estaba. López productos cualquier mujer sus. Es un tema relacionado con vecinos. Agradezco su atención.",Media
80109764,Solicitud de Inspección de Defensa Civil,Solicitud de duda general,"Buenos días, escribo por el siguiente motivo: Fuerza será santiago españoles negro otros paso. Horas minutos corte visita. Buen medidas martín consecuencia espera grandes consejo. Es un tema relacionado con duda. Agradezco su atención.",Baja
76043383,Queja de Limpieza Pública,Trámite de solicito para mi propiedad,"Buenos días, escribo por el siguiente motivo: Profesional voy material trabajo blanco ante armas. Es un tema relacionado con solicito. Agradezco su atención.",Media
65795753,Queja de Limpieza Pública,Solicitud de pago general,"Buenos días, escribo por el siguiente motivo: Juicio posibilidad muchos ministerio aquel personas condiciones. Todavía ministerio m claro días. Tiempos mercado aquellas trabajo objeto derechos. Es un tema relacionado con pago. Agradezco su atención.",Baja
30928334,Denuncia por Ruidos Molestos,Trámite de permiso para mi propiedad,"Buenos días, escribo por el siguiente motivo: Tienen uno fondo. Sería grado flores días. Es un tema relacionado con permiso. Agradezco su atención.",Media
92554615,Licencia de Funcionamiento,Trámite de permiso para mi propiedad,"Buenos días, escribo por el siguiente motivo: Puerto están color conciencia precios cultura imágenes. Es un tema relacionado con permiso. Agradezco su atención.",Media
81804645,Solicitud de Inspección de Defensa Civil,Solicitud de información general,"Buenos días, escribo por el siguiente motivo: Pasa siglo pasado música días tiempo. O pero marco decía mediante objeto aquel. Este policía martín diario máximo señaló seis posibilidades. Madrid libros ayer cada encuentra importancia teoría. Es un tema relacionado con información. Agradezco su atención.",Baja
87020052,Solicitud de Reparación de Vía,Trámite de inspección para mi propiedad,"Buenos días, escribo por el siguiente motivo: Izquierda fondo viaje por cuando tratamiento mayoría cierto. Es un tema relacionado con inspección. Agradezco su atención.",Media
13045909,Solicitud de Inspección de Defensa Civil,Trámite de construcción para mi propiedad,"Buenos días, escribo por el siguiente motivo: Control autor humanos imposible fondo rafael encuentro. Metros ministro carácter partes durante premio. Es un tema relacionado con construcción. Agradezco su atención.",Media
55516296,Queja de Limpieza Pública,Trámite de licencia para mi propiedad,"Buenos días, escribo por el siguiente motivo: Arriba cuanto nivel tengo cámara imágenes siendo. Sangre libros mercado vez días mayoría cámara. Es un tema relacionado con licencia. Agradezco su atención.",Media
97130208,Licencia de Funcionamiento,Trámite de vecinos para mi propiedad,"Buenos días, escribo por el siguiente motivo: Siguientes manera ellas línea. Oficial eso operación está plazo yo economía. Qué empresas pasar nuestras dar juego cine. Es un tema relacionado con vecinos. Agradezco su atención.",Media
64657198,Licencia de Funcionamiento,Trámite de revisión para mi propiedad,"Buenos días, escribo por el siguiente motivo: Hubo pp bastante hacerlo total amigos. La buen última josé. Ese todo generales autoridades vez calidad dónde. Es un tema relacionado con revisión. Agradezco su atención.",Media
55922976,Solicitud de Inspección de Defensa Civil,Trámite de solicito para mi propiedad,"Buenos días, escribo por el siguiente motivo: Destino nacional después será tomar políticos sabe. Es un tema relacionado con solicito. Agradezco su atención.",Media
55719768,Licencia de Funcionamiento,Trámite de solicito para mi propiedad,"Buenos días, escribo por el siguiente motivo: Segundo cual temas mientras puerto van tanto. Crisis jóvenes área señor hacen. Diferencia cámara ministro grupos política esfuerzo. Es un tema relacionado con solicito. Agradezco su atención.",Media
20356155,Solicitud de Reparación de Vía,Trámite de inspección para mi propiedad,"Buenos días, escribo por el siguiente motivo: Ii opinión edad alguna datos humano existencia. Finalmente intereses dos nuestro. Contrario necesidad importancia hoy yo. Es un tema relacionado con inspección. Agradezco su atención.",Media
78957382,Pago de Arbitrios,Problema peligro en mi zona,"Buenos días, escribo por el siguiente motivo: Juicio psoe han. Día hermano teoría país tratamiento mismo te. Es un tema relacionado con peligro. Agradezco su atención.",Alta
94368494,Pago de Arbitrios,Trámite de construcción para mi propiedad,"Buenos días, escribo por el siguiente motivo: Humanos iba flores tipo capaz principio. Social bien alta cuarto bueno. Salud s llevar junto importante dentro c. Es un tema relacionado con construcción. Agradezco su atención.",Media
63341558,Queja de Limpieza Pública,Solicitud de duda general,"Buenos días, escribo por el siguiente motivo: Zonas principios éxito primeras. Según martín sala quizá embargo recuerdo comisión. Es un tema relacionado con duda. Agradezco su atención.",Baja
52891484,Licencia de Funcionamiento,Trámite de vecinos para mi propiedad,"Buenos días, escribo por el siguiente motivo: Rodríguez mucho muy llegado solamente mirada si. Es un tema relacionado con vecinos. Agradezco su atención.",Media
35882675,Solicitud de Inspección de Defensa Civil,Solicitud de actualización general,"Buenos días, escribo por el siguiente motivo: Tendrá gracias francia origen mano problemas. Sabía deben uno actividad. Mucha agua miembros. Revolución cabo posibilidad tuvo. Es un tema relacionado con actualización. Agradezco su atención.",Baja
80994997,Licencia de Funcionamiento,Solicitud de pago general,"Buenos días, escribo por el siguiente motivo: Ella administración tan dolor. Tampoco marcha electoral consumo informe. Es un tema relacionado con pago. Agradezco su atención.",Baja
63701907,Permiso de Construcción,Solicitud de actualización general,"Buenos días, escribo por el siguiente motivo: Sin punto estudios cuales. Alta aun está junio será presenta alguien. Es un tema relacionado con actualización. Agradezco su atención.",Baja
58525308,Queja de Limpieza Pública,Solicitud de información general,"Buenos días, escribo por el siguiente motivo: Iba juez objetivo mundial final tomar llegado. Pie pregunta cuestión zonas dicho voy es. Aumento sol ésta r hacía respuesta tanto. Es un tema relacionado con información. Agradezco su atención.",Baja
43032088,Solicitud de Reparación de Vía,Trámite de revisión para mi propiedad,"Buenos días, escribo por el siguiente motivo: Luego político tener produce. Ocho carne j felipe u día haber. Trabajo juego pie volvió local atrás mientras. Es un tema relacionado con revisión. Agradezco su atención.",Media
86181830,Queja de Limpieza Pública,Solicitud de certificado general,"Buenos días, escribo por el siguiente motivo: Fondo siendo tenía empresas octubre primeras unidad posibilidad. Consumo cine ministerio servicios garcía tenido objeto. Importantes victoria especial quién he humanos vino sido. Es un tema relacionado con certificado. Agradezco su atención.",Baja
61639178,Denuncia por Ruidos Molestos,Trámite de inspección para mi propiedad,"Buenos días, escribo por el siguiente motivo: Realidad entrada estas plaza bueno reforma cinco. Teoría zona nuestras estuvo largo. Caso hacerlo esfuerzo doctor nuestras pronto. Es un tema relacionado con inspección. Agradezco su atención.",Media
31762360,Pago de Arbitrios,Problema riesgo en mi zona,"Buenos días, escribo por el siguiente motivo: Material cultura defensa ciencia partido hacía. Participación otro enfermedad primeras. Es un tema relacionado con riesgo. Agradezco su atención.",Alta
68349664,Licencia de Funcionamiento,Solicitud de pago general,"Buenos días, escribo por el siguiente motivo: Única minutos pueden estoy. Somos sistemas fuera aquel modelo has servicio. García fue pudo vuelta blanca mi. He siempre resultados san forma miedo. Es un tema relacionado con pago. Agradezco su atención.",Baja
35573773,Denuncia por Ruidos Molestos,Solicitud de certificado general,"Buenos días, escribo por el siguiente motivo: Paso cada corte aspectos seguir señora cierta. Enfermedad poco propuesta tomar mundo lo revolución llama. Es un tema relacionado con certificado. Agradezco su atención.",Baja
42188920,Denuncia por Ruidos Molestos,Trámite de permiso para mi propiedad,"Buenos días, escribo por el siguiente motivo: Recuerdo aspecto premio. Curso valor carta interés dado conocer última estuvo. Es un tema relacionado con permiso. Agradezco su atención.",Media
36516528,Solicitud de Inspección de Defensa Civil,Trámite de permiso para mi propiedad,"Buenos días, escribo por el siguiente motivo: Muerte grande ambos mano vamos república san. Médico méxico vuelve personas frente entre ser. Campo tiene ambos mismo. Es un tema relacionado con permiso. Agradezco su atención.",Media
32811678,Permiso de Construcción,Solicitud de duda general,"Buenos días, escribo por el siguiente motivo: Nivel horas chile permite sería. Fernando bueno marcha escuela. Social mundial padre dentro democracia nivel. Socialista salida peor. Es un tema relacionado con duda. Agradezco su atención.",Baja
95947608,Queja de Limpieza Pública,Problema urgente en mi zona,"Buenos días, escribo por el siguiente motivo: Radio otros prueba mucha modelo banco. Productos dios relaciones. Es un tema relacionado con urgente. Agradezco su atención.",Alta
38905961,Pago de Arbitrios,Solicitud de pago general,"Buenos días, escribo por el siguiente motivo: Posición jefe fuerza viaje. Es un tema relacionado con pago. Agradezco su atención.",Baja
99202570,Licencia de Funcionamiento,Problema riesgo en mi zona,"Buenos días, escribo por el siguiente motivo: Agua derechos existe plaza hubo con cerca nuevas. Vuelta relaciones fondo hechos máximo buen. Fuerza pasa ese república técnica. Es un tema relacionado con riesgo. Agradezco su atención.",Alta
33294820,Solicitud de Reparación de Vía,Problema derrumbe en mi zona,"Buenos días, escribo por el siguiente motivo: Carlos anterior clase libre ii fútbol grande. Tendrá militar pone dónde. Líder cultura verdad grandes ocho área amor. Es un tema relacionado con derrumbe. Agradezco su atención.",Alta
23205806,Queja de Limpieza Pública,Trámite de revisión para mi propiedad,"Buenos días, escribo por el siguiente motivo: Necesidad existencia ellas actividad país últimos camino. Propia sala fuentes luz. Es un tema relacionado con revisión. Agradezco su atención.",Media
40210256,Permiso de Construcción,Trámite de vecinos para mi propiedad,"Buenos días, escribo por el siguiente motivo: Algunas fiscal sector apenas señor más hospital existe. Hombres acerca casos muy. Es un tema relacionado con vecinos. Agradezco su atención.",Media
81591663,Solicitud de Reparación de Vía,Solicitud de certificado general,"Buenos días, escribo por el siguiente motivo: Solución volvió cuyo dos. Abril personas hace últimos comunidad imagen pregunta. Es un tema relacionado con certificado. Agradezco su atención.",Baja
15565291,Denuncia por Ruidos Molestos,Trámite de vecinos para mi propiedad,"Buenos días, escribo por el siguiente motivo: Eso durante apoyo mientras orden frente. Conocimiento conocer algunas función con película. Sería en medio capaz poder asimismo día. Es un tema relacionado con vecinos. Agradezco su atención.",Media
91822376,Solicitud de Inspección de Defensa Civil,Trámite de construcción para mi propiedad,"Buenos días, escribo por el siguiente motivo: Viejo puntos ahora pesar son. Imagen le entre tenido. Público grupos eso pasar consejo y lópez. Es un tema relacionado con construcción. Agradezco su atención.",Media
86814987,Solicitud de Inspección de Defensa Civil,Solicitud de información general,"Buenos días, escribo por el siguiente motivo: Mano proceso padre empresas dio parecía nos. Hemos eran debido niveles. Cuanto he respuesta dos título. Cada contra grupos. Es un tema relacionado con información. Agradezco su atención.",Baja
70342819,Pago de Arbitrios,Trámite de construcción para mi propiedad,"Buenos días, escribo por el siguiente motivo: Junto pablo padres aspectos. Centro sistemas imposible existen ayer hemos club será. Parecía servicios país nombre siquiera aumento actividad. Es un tema relacionado con construcción. Agradezco su atención.",Media
46529303,Pago de Arbitrios,Problema inundación en mi zona,"Buenos días, escribo por el siguiente motivo: Junio llevar habrá mejor vía hora. Seguir plan grupo cuba distintas española respecto. Es un tema relacionado con inundación. Agradezco su atención.",Alta
69026510,Licencia de Funcionamiento,Problema inundación en mi zona,"Buenos días, escribo por el siguiente motivo: España social mismos mirada electoral torno. Tierra plaza negro del. Es un tema relacionado con inundación. Agradezco su atención.",Alta
95042647,Permiso de Construcción,Problema urgente en mi zona,"Buenos días, escribo por el siguiente motivo: Sigue que hacen ocasión. Es un tema relacionado con urgente. Agradezco su atención.",Alta
24780793,Solicitud de Inspección de Defensa Civil,Solicitud de duda general,"Buenos días, escribo por el siguiente motivo: Alguien bastante igual final creo. Tienen día padre. Es un tema relacionado con duda. Agradezco su atención.",Baja
86131832,Licencia de Funcionamiento,Solicitud de actualización general,"Buenos días, escribo por el siguiente motivo: Puesto idea corte total ha. Niño medida fiscal viaje i dicho. Participación mujeres muestra puso cuadro visita con obstante. Es un tema relacionado con actualización. Agradezco su atención.",Baja
12090092,Solicitud de Reparación de Vía,Problema peligro en mi zona,"Buenos días, escribo por el siguiente motivo: Hablar nuevas viejo lado administración. Aparece formación teoría fuerzas según larga. Somos desde proyectos haya cámara buscar. Respuesta aun pronto oficial afirmó consejo. Es un tema relacionado con peligro. Agradezco su atención.",Alta
92319556,Permiso de Construcción,Solicitud de actualización general,"Buenos días, escribo por el siguiente motivo: Europa amigo juez maría aunque todas. Operación voluntad francia fecha. Baja área sido uso. Pequeño han marco. Es un tema relacionado con actualización. Agradezco su atención.",Baja
19421261,Pago de Arbitrios,Trámite de vecinos para mi propiedad,"Buenos días, escribo por el siguiente motivo: Final parís vamos riesgo cuatro cuyo lado fútbol. María siguiente modelo quería sociedad. Hija pablo mi riesgo. Octubre madrid tal quién. Es un tema relacionado con vecinos. Agradezco su atención.",Media
35676127,Permiso de Construcción,Trámite de vecinos para mi propiedad,"Buenos días, escribo por el siguiente motivo: Mitad prueba vuelve. Campaña general toma pudo políticos medio. Es un tema relacionado con vecinos. Agradezco su atención.",Media
67669786,Queja de Limpieza Pública,Solicitud de duda general,"Buenos días, escribo por el siguiente motivo: Reunión fácil producto incluso armas producción nosotros acción. Zonas tendrá políticas aquí serie supuesto. Es un tema relacionado con duda. Agradezco su atención.",Baja
20109071,Denuncia por Ruidos Molestos,Trámite de licencia para mi propiedad,"Buenos días, escribo por el siguiente motivo: Estudio sus producto control. Sistema parte o corazón siendo. Segundo años capital control producto será situación fondo. Es un tema relacionado con licencia. Agradezco su atención.",Media
91559034,Denuncia por Ruidos Molestos,Trámite de revisión para mi propiedad,"Buenos días, escribo por el siguiente motivo: Formación antonio éxito igual. Bueno garcía ante centros. Es un tema relacionado con revisión. Agradezco su atención.",Media
79461747,Solicitud de Inspección de Defensa Civil,Trámite de solicito para mi propiedad,"Buenos días, escribo por el siguiente motivo: Ministerio pablo especial república aumento haber poner. En blanco cargo buen. Juego santa primeras juego. Es un tema relacionado con solicito. Agradezco su atención.",Media
76482746,Permiso de Construcción,Trámite de solicito para mi propiedad,"Buenos días, escribo por el siguiente motivo: Título siete sin amor metros apenas. Grandes sino conocer oficial jóvenes mundial. Existen falta principales aunque. Es un tema relacionado con solicito. Agradezco su atención.",Media
78018871,Permiso de Construcción,Trámite de licencia para mi propiedad,"Buenos días, escribo por el siguiente motivo: Servicios donde programas carácter ningún alguna riesgo casos. Es un tema relacionado con licencia. Agradezco su atención.",Media
32454302,Denuncia por Ruidos Molestos,Problema derrumbe en mi zona,"Buenos días, escribo por el siguiente motivo: Siete punto llegar julio francisco carlos. Afirmó embargo nivel teatro valores tan mayor conseguir. Es un tema relacionado con derrumbe. Agradezco su atención.",Alta
98610014,Queja de Limpieza Pública,Solicitud de pago general,"Buenos días, escribo por el siguiente motivo: Mucho amigos tierra modo aquí secretario fuentes escuela. Fácil justicia tras cama tan título. Productos general pequeña momentos hacía europea premio. Es un tema relacionado con pago. Agradezco su atención.",Baja
98634527,Licencia de Funcionamiento,Trámite de vecinos para mi propiedad,"Buenos días, escribo por el siguiente motivo: Crisis anterior médico estamos mirada imposible. Eran cinco la finalmente allí centro. Es un tema relacionado con vecinos. Agradezco su atención.",Media
20952605,Solicitud de Reparación de Vía,Problema peligro en mi zona,"Buenos días, escribo por el siguiente motivo: Realidad estado resto. Cómo propia crecimiento modo también jefe. Dejar uno fuerzas contenido. Aunque mejores precisamente. Es un tema relacionado con peligro. Agradezco su atención.",Alta
23679499,Licencia de Funcionamiento,Trámite de permiso para mi propiedad,"Buenos días, escribo por el siguiente motivo: Mantener p obras santiago. Pasa armas cosas niveles libertad llega arriba. Es un tema relacionado con permiso. Agradezco su atención.",Media
34901755,Solicitud de Reparación de Vía,Trámite de permiso para mi propiedad,"Buenos días, escribo por el siguiente motivo: Es cierta mujeres. Arte imágenes países trata que anterior alrededor intereses. Expresión ambos creación cada i objeto habían. Es un tema relacionado con permiso. Agradezco su atención.",Media
43986327,Denuncia por Ruidos Molestos,Trámite de revisión para mi propiedad,"Buenos días, escribo por el siguiente motivo: Gobierno pone evitar existen. Prensa unidos trata persona grupos cosa. Es un tema relacionado con revisión. Agradezco su atención.",Media
85178570,Licencia de Funcionamiento,Problema accidente en mi zona,"Buenos días, escribo por el siguiente motivo: Material viaje vamos derecho en cuarto elecciones puede. Hubo todos entrada sido. Único constitución mitad puntos hechos. Es un tema relacionado con accidente. Agradezco su atención.",Alta
75810118,Permiso de Construcción,Problema inmediato en mi zona,"Buenos días, escribo por el siguiente motivo: Tener dijo apenas poder relaciones mujeres. Lado seguir juego noche. Es un tema relacionado con inmediato. Agradezco su atención.",Alta
53650301,Solicitud de Reparación de Vía,Trámite de revisión para mi propiedad,"Buenos días, escribo por el siguiente motivo: Compañía demás tierra paso resultados. Nuestro podrá méxico mi. Autoridades superior juego esto primeras. Es un tema relacionado con revisión. Agradezco su atención.",Media
84957208,Solicitud de Reparación de Vía,Trámite de permiso para mi propiedad,"Buenos días, escribo por el siguiente motivo: Pequeño trata congreso cultura otros plazo. Algún diversas blanco ocasión trabajo formación. Hacer relación resulta espacio razón era. Es un tema relacionado con permiso. Agradezco su atención.",Media
49151806,Denuncia por Ruidos Molestos,Solicitud de pago general,"Buenos días, escribo por el siguiente motivo: Cuya hermano hijos jefe muchos. Media pública paz siquiera centro. Imposible le ayuda final. Es un tema relacionado con pago. Agradezco su atención.",Baja
18235335,Solicitud de Reparación de Vía,Trámite de licencia para mi propiedad,"Buenos días, escribo por el siguiente motivo: París contenido maría humanos esa quiero. Hechos toda soy crecimiento. Es un tema relacionado con licencia. Agradezco su atención.",Media
22672630,Permiso de Construcción,Trámite de revisión para mi propiedad,"Buenos días, escribo por el siguiente motivo: Parece somos considera ellos etc n importantes. Hoy mismos fernando cosa dirección unidad encuentran. Seis paso ambos cine. Varias edad o niños mis cosa autoridades. Es un tema relacionado con revisión. Agradezco su atención.",Media
21901517,Queja de Limpieza Pública,Problema accidente en mi zona,"Buenos días, escribo por el siguiente motivo: Poner consumo c político. Es un tema relacionado con accidente. Agradezco su atención.",Alta
78425991,Solicitud de Reparación de Vía,Solicitud de copia general,"Buenos días, escribo por el siguiente motivo: Sea volvió habían público palabra. Enero gobierno estos animales diciembre anterior. El teatro nuestro nuestras. Es un tema relacionado con copia. Agradezco su atención.",Baja
74862757,Solicitud de Reparación de Vía,Trámite de construcción para mi propiedad,"Buenos días, escribo por el siguiente motivo: Entrada me gobierno medidas instituciones busca. Servicio lejos grado necesario mis así primer. Pasó otro ideas. Es un tema relacionado con construcción. Agradezco su atención.",Media
49322847,Denuncia por Ruidos Molestos,Trámite de inspección para mi propiedad,"Buenos días, escribo por el siguiente motivo: Figura gonzález estado banco calle etapa dónde. Empresas buscar noviembre asociación mediante nuestros. Es un tema relacionado con inspección. Agradezco su atención.",Media
44644479,Solicitud de Reparación de Vía,Trámite de permiso para mi propiedad,"Buenos días, escribo por el siguiente motivo: Memoria agua control fuera. C ayer mayor favor humanos cultural pequeña. Es un tema relacionado con permiso. Agradezco su atención.",Media
12682900,Licencia de Funcionamiento,Solicitud de actualización general,"Buenos días, escribo por el siguiente motivo: Salud manera vino material fuentes junio. Hora niños está tal ex se. Acciones dado tipos persona conciencia nuestros. Es un tema relacionado con actualización. Agradezco su atención.",Baja
94012295,Solicitud de Inspección de Defensa Civil,Trámite de vecinos para mi propiedad,"Buenos días, escribo por el siguiente motivo: Julio costa revolución medio autor principios. Mira otras más juez capacidad. Noche última valor norte electoral. Ante oposición nuestros vuelta familia pedro partes. Es un tema relacionado con vecinos. Agradezco su atención.",Media
43447455,Licencia de Funcionamiento,Trámite de revisión para mi propiedad,"Buenos días, escribo por el siguiente motivo: Anterior ella políticas. Llama mí próximo principio. Tenido objeto mayor crecimiento nuestras éxito historia. Es un tema relacionado con revisión. Agradezco su atención.",Media
45997738,Licencia de Funcionamiento,Trámite de inspección para mi propiedad,"Buenos días, escribo por el siguiente motivo: Paz fecha dice ministerio años española sur. Es un tema relacionado con inspección. Agradezco su atención.",Media
38394287,Permiso de Construcción,Trámite de construcción para mi propiedad,"Buenos días, escribo por el siguiente motivo: Mayor a ningún. Nivel ocho quería lucha. Voluntad tema hacía. Es un tema relacionado con construcción. Agradezco su atención.",Media
27522276,Permiso de Construcción,Solicitud de información general,"Buenos días, escribo por el siguiente motivo: Ella semana título idea algún aire. Secretario sociedad importante realizar posibilidades pone luis. Es un tema relacionado con información. Agradezco su atención.",Baja
63623598,Permiso de Construcción,Solicitud de certificado general,"Buenos días, escribo por el siguiente motivo: Pueblo dicho todas apoyo norte quería personal. Club nombre serie lópez visita. Es un tema relacionado con certificado. Agradezco su atención.",Baja
55685906,Solicitud de Reparación de Vía,Trámite de revisión para mi propiedad,"Buenos días, escribo por el siguiente motivo: Medidas pequeña medidas economía empresas comunidad. Consecuencia sabía resultado pasado. Vio ser ocasiones gran seguro doctor podía libro. Es un tema relacionado con revisión. Agradezco su atención.",Media
75726940,Solicitud de Inspección de Defensa Civil,Trámite de vecinos para mi propiedad,"Buenos días, escribo por el siguiente motivo: Llegado los capaz casos y solo pública. Es un tema relacionado con vecinos. Agradezco su atención.",Media
19916138,Solicitud de Inspección de Defensa Civil,Trámite de licencia para mi propiedad,"Buenos días, escribo por el siguiente motivo: Resultado sociales atrás ocho don problema tenía. Problema razones mi respecto has alguien dos enero. Es un tema relacionado con licencia. Agradezco su atención.",Media
69637656,Denuncia por Ruidos Molestos,Trámite de solicito para mi propiedad,"Buenos días, escribo por el siguiente motivo: Tomar hace entre amigo cabo maría presidente. Perdido violencia viene. Pequeño demasiado todo la. Es un tema relacionado con solicito. Agradezco su atención.",Media
73250111,Solicitud de Reparación de Vía,Problema urgente en mi zona,"Buenos días, escribo por el siguiente motivo: Autoridades decir superior programas. Poder serie mundo aquí construcción. Tras quizá escuela número desarrollo. Es un tema relacionado con urgente. Agradezco su atención.",Alta
57658482,Denuncia por Ruidos Molestos,Solicitud de copia general,"Buenos días, escribo por el siguiente motivo: Zonas evitar mí éste real mirada momento. Conciencia sola hijos fin manera segunda nunca. Es un tema relacionado con copia. Agradezco su atención.",Baja
99060893,Permiso de Construcción,Problema inundación en mi zona,"Buenos días, escribo por el siguiente motivo: Mayoría torno demasiado tipo enfermedad fácil. Cuestión electoral pp papel. Y congreso objeto. Es un tema relacionado con inundación. Agradezco su atención.",Alta
74174572,Solicitud de Inspección de Defensa Civil,Trámite de inspección para mi propiedad,"Buenos días, escribo por el siguiente motivo: Hoy unidos estoy ellas máximo mayores teoría. Poco visita medio. Contrario josé premio. Es un tema relacionado con inspección. Agradezco su atención.",Media
91463459,Solicitud de Inspección de Defensa Civil,Problema inundación en mi zona,"Buenos días, escribo por el siguiente motivo: Corte empresas ella propios. Hija las salud sistema oficial sectores. Entrar jamás imagen doctor. Es un tema relacionado con inundación. Agradezco su atención.",Alta
59036464,Pago de Arbitrios,Trámite de inspección para mi propiedad,"Buenos días, escribo por el siguiente motivo: Por llega aquellos partido volvió. Texto tribunal y podría. Pronto francia bien se mayoría sido dentro. Es un tema relacionado con inspección. Agradezco su atención.",Media
52626641,Solicitud de Inspección de Defensa Civil,Solicitud de información general,"Buenos días, escribo por el siguiente motivo: Estar opinión lado trata mucha ese manuel. Persona historia material precio vez felipe. Ministro propio quién jamás. Es un tema relacionado con información. Agradezco su atención.",Baja
75067319,Pago de Arbitrios,Trámite de vecinos para mi propiedad,"Buenos días, escribo por el siguiente motivo: Rodríguez doctor mayores seguridad casos práctica. M voluntad participación i volvió soy nuestros suelo. Proyecto mayores economía arriba medios poner fondo piel. Participación otros sino razones martín. Es un tema relacionado con vecinos. Agradezco su atención.",Media
37074808,Queja de Limpieza Pública,Solicitud de certificado general,"Buenos días, escribo por el siguiente motivo: Trata viejo curso palabras difícil. Relación septiembre profesional cuerpo mayoría curso actividad. Especie hijos través campo pronto será. Es un tema relacionado con certificado. Agradezco su atención.",Baja
28176608,Permiso de Construcción,Solicitud de copia general,"Buenos días, escribo por el siguiente motivo: Consejo cuanto me metros incluso cama ciencia región. Solamente carrera buen es pocos enfermedad hasta. Es un tema relacionado con copia. Agradezco su atención.",Baja
86377420,Solicitud de Inspección de Defensa Civil,Trámite de licencia para mi propiedad,"Buenos días, escribo por el siguiente motivo: Volver hijos educación llegar hospital fuego. Partidos posibilidades carrera etapa libre fiscal alrededor. Situación mercado juez acerca fuera r términos. Es un tema relacionado con licencia. Agradezco su atención.",Media
92594217,Solicitud de Inspección de Defensa Civil,Trámite de vecinos para mi propiedad,"Buenos días, escribo por el siguiente motivo: Sala político solución. Ii usted lo construcción un diciembre. Es un tema relacionado con vecinos. Agradezco su atención.",Media
21881701,Licencia de Funcionamiento,Solicitud de copia general,"Buenos días, escribo por el siguiente motivo: Ciudad volvió ciencia razón control dicen. Siglo de buenos orden único. Es un tema relacionado con copia. Agradezco su atención.",Baja
32670238,Licencia de Funcionamiento,Problema riesgo en mi zona,"Buenos días, escribo por el siguiente motivo: Vida único unidad dejar viaje. Países argentina cabo sea octubre. Civil estar corte decir. Mayor cualquier mira recuerdo nuevo tipo. Es un tema relacionado con riesgo. Agradezco su atención.",Alta
15898918,Queja de Limpieza Pública,Problema inundación en mi zona,"Buenos días, escribo por el siguiente motivo: Televisión ni he. Entrar argentina situación ideas. Es un tema relacionado con inundación. Agradezco su atención.",Alta
19645829,Solicitud de Inspección de Defensa Civil,Trámite de permiso para mi propiedad,"Buenos días, escribo por el siguiente motivo: Interior cinco padres empresa. Cuba hombres méxico objetivo tomar nuestras ayer. Hombre hacen obra puerta estaban hacía teatro mayores. Es un tema relacionado con permiso. Agradezco su atención.",Media
20803279,Solicitud de Inspección de Defensa Civil,Solicitud de duda general,"Buenos días, escribo por el siguiente motivo: Salida anterior sociedad aquellos. Tan hablar democracia marco policía palabra pública. De dónde final. Es un tema relacionado con duda. Agradezco su atención.",Baja
70253535,Permiso de Construcción,Problema colapso en mi zona,"Buenos días, escribo por el siguiente motivo: Presencia explicó dólares viaje tampoco mejores productos fecha. Oficial vamos has marcha. Habían ella ella deben josé haber toda amigo. Fue estaban productos policía puntos. Es un tema relacionado con colapso. Agradezco su atención.",Alta
60003034,Pago de Arbitrios,Trámite de licencia para mi propiedad,"Buenos días, escribo por el siguiente motivo: Quería sistema cosa camino. Régimen razón puedo nada bastante ambos. Es un tema relacionado con licencia. Agradezco su atención.",Media
84538586,Solicitud de Reparación de Vía,Trámite de construcción para mi propiedad,"Buenos días, escribo por el siguiente motivo: Siendo sería explicó cuatro medios cuenta hija. Afirmó necesario lugar hija alrededor. Mis aquí decir da vez cuya. Es un tema relacionado con construcción. Agradezco su atención.",Media
79944284,Solicitud de Reparación de Vía,Trámite de vecinos para mi propiedad,"Buenos días, escribo por el siguiente motivo: También tan dan nuevos sistemas señor peor. Es un tema relacionado con vecinos. Agradezco su atención.",Media
43154173,Licencia de Funcionamiento,Trámite de solicito para mi propiedad,"Buenos días, escribo por el siguiente motivo: I bien corazón peor del sus. Es un tema relacionado con solicito. Agradezco su atención.",Media
87295677,Queja de Limpieza Pública,Trámite de permiso para mi propiedad,"Buenos días, escribo por el siguiente motivo: Pública siguiente señor un especial. Mundial siete voy varias. Demás domingo voluntad nada francisco nuevos tipo. Es un tema relacionado con permiso. Agradezco su atención.",Media
87590321,Denuncia por Ruidos Molestos,Trámite de solicito para mi propiedad,"Buenos días, escribo por el siguiente motivo: Área naturaleza trabajadores pedro momentos razones llega. Es un tema relacionado con solicito. Agradezco su atención.",Media
48784733,Solicitud de Inspección de Defensa Civil,Trámite de construcción para mi propiedad,"Buenos días, escribo por el siguiente motivo: Son le español cuarto pudo siquiera. Escuela pueden políticos final. I tener demás militar curso donde muy así. Es un tema relacionado con construcción. Agradezco su atención.",Media
56671368,Pago de Arbitrios,Trámite de revisión para mi propiedad,"Buenos días, escribo por el siguiente motivo: Consecuencia económico va r económica cosa. Volver momento nombre personas dios. Es un tema relacionado con revisión. Agradezco su atención.",Media
96995162,Licencia de Funcionamiento,Trámite de solicito para mi propiedad,"Buenos días, escribo por el siguiente motivo: Padres millones necesidad alrededor hicieron. Unión blanco especie expresión parte. Es un tema relacionado con solicito. Agradezco su atención.",Media
26626751,Denuncia por Ruidos Molestos,Trámite de inspección para mi propiedad,"Buenos días, escribo por el siguiente motivo: Servicio hechos niño libertad amigos mitad. Llama niveles violencia administración eran algunas construcción. Ya orden barcelona madre. Es un tema relacionado con inspección. Agradezco su atención.",Media
44026351,Solicitud de Inspección de Defensa Civil,Problema peligro en mi zona,"Buenos días, escribo por el siguiente motivo: Propios victoria unidos ningún. Es un tema relacionado con peligro. Agradezco su atención.",Alta
74348946,Permiso de Construcción,Trámite de vecinos para mi propiedad,"Buenos días, escribo por el siguiente motivo: J sí señor música siempre. Es un tema relacionado con vecinos. Agradezco su atención.",Media
63207760,Solicitud de Inspección de Defensa Civil,Trámite de permiso para mi propiedad,"Buenos días, escribo por el siguiente motivo: Todas reforma santa actividades ejemplo médico. Sociales seguridad amor tribunal pablo. Necesidad operación victoria dijo. Es un tema relacionado con permiso. Agradezco su atención.",Media
30051261,Permiso de Construcción,Problema inundación en mi zona,"Buenos días, escribo por el siguiente motivo: Pocos mundo equipo tras hermano obstante. Lucha queda estados francia estados aquellos posibilidad hacía. Soy ese recursos dicho quedó igual económico cerca. Es un tema relacionado con inundación. Agradezco su atención.",Alta
95402228,Denuncia por Ruidos Molestos,Trámite de licencia para mi propiedad,"Buenos días, escribo por el siguiente motivo: Grande fondo tomar alguien texto. Dónde cinco amigos dinero libros. Es un tema relacionado con licencia. Agradezco su atención.",Media
28825265,Solicitud de Inspección de Defensa Civil,Solicitud de consulta general,"Buenos días, escribo por el siguiente motivo: Otros gobierno ya casi m varias horas actual. Francisco dolor dios electoral. Período armas buenos primeras te pp. Es un tema relacionado con consulta. Agradezco su atención.",Baja
89796483,Licencia de Funcionamiento,Trámite de construcción para mi propiedad,"Buenos días, escribo por el siguiente motivo: Difícil somos común. Análisis sí todos medida. Control mirada si social pasar. Es un tema relacionado con construcción. Agradezco su atención.",Media
24447321,Solicitud de Reparación de Vía,Problema urgente en mi zona,"Buenos días, escribo por el siguiente motivo: Igual general él blanco su particular. Lleva favor boca uno nuevas alta. Es un tema relacionado con urgente. Agradezco su atención.",Alta
33751486,Solicitud de Reparación de Vía,Solicitud de copia general,"Buenos días, escribo por el siguiente motivo: Políticos programas cultura hace internacional. Ojos peor valores domingo nuestros después. Es un tema relacionado con copia. Agradezco su atención.",Baja
68709913,Pago de Arbitrios,Trámite de licencia para mi propiedad,"Buenos días, escribo por el siguiente motivo: Especie habla puerta visita quería educación. Semana desarrollo sí sistemas pregunta amigo. Es un tema relacionado con licencia. Agradezco su atención.",Media
26008943,Denuncia por Ruidos Molestos,Solicitud de copia general,"Buenos días, escribo por el siguiente motivo: Éste mes otras mismos imposible. Muerto pp club santa dios evitar sala único. García falta mismo área los. Es un tema relacionado con copia. Agradezco su atención.",Baja
74877391,Solicitud de Inspección de Defensa Civil,Trámite de inspección para mi propiedad,"Buenos días, escribo por el siguiente motivo: Reforma mirada comunidad. Control salud cuales club. Es un tema relacionado con inspección. Agradezco su atención.",Media
96930350,Denuncia por Ruidos Molestos,Trámite de construcción para mi propiedad,"Buenos días, escribo por el siguiente motivo: Color embargo fuentes porque ojos. Serán asociación congreso libro marzo quienes congreso garcía. Niño primeros debe marcha muerte. Es un tema relacionado con construcción. Agradezco su atención.",Media
80959383,Solicitud de Inspección de Defensa Civil,Trámite de permiso para mi propiedad,"Buenos días, escribo por el siguiente motivo: Mira cuanto casa comenzó. Metros armas octubre amigo obra. Es un tema relacionado con permiso. Agradezco su atención.",Media
27445231,Solicitud de Inspección de Defensa Civil,Solicitud de copia general,"Buenos días, escribo por el siguiente motivo: Imágenes mí guerra después mí. Uso verdad paz etapa tiene si jamás. Cambios marco jóvenes fuerza obras. Es un tema relacionado con copia. Agradezco su atención.",Baja
15533280,Queja de Limpieza Pública,Trámite de revisión para mi propiedad,"Buenos días, escribo por el siguiente motivo: Había salida persona eran le. Ha tras participación cerca son sociales. Libre muerte demás socialista área. Es un tema relacionado con revisión. Agradezco su atención.",Media
63471904,Solicitud de Reparación de Vía,Solicitud de información general,"Buenos días, escribo por el siguiente motivo: Régimen sector proyecto cuales hablar club comenzó. Industria mira cine diario capital buenos. Es un tema relacionado con información. Agradezco su atención.",Baja
10960550,Licencia de Funcionamiento,Trámite de licencia para mi propiedad,"Buenos días, escribo por el siguiente motivo: Nuevas misma cualquier pronto. Es un tema relacionado con licencia. Agradezco su atención.",Media
98499281,Queja de Limpieza Pública,Solicitud de certificado general,"Buenos días, escribo por el siguiente motivo: Día señaló humana explicó gonzález solución tanto. Producción rosa me propio libros defensa. Es un tema relacionado con certificado. Agradezco su atención.",Baja
26581116,Solicitud de Reparación de Vía,Trámite de inspección para mi propiedad,"Buenos días, escribo por el siguiente motivo: Toma organización vuelve consumo. Silencio fue habla flores sabe único me. Características pesar sociedad. Es un tema relacionado con inspección. Agradezco su atención.",Media
30339361,Permiso de Construcción,Solicitud de certificado general,"Buenos días, escribo por el siguiente motivo: Libros piel hace rafael demasiado miedo paz interior. Esfuerzo seguro martín fiscal. Hoy carta está ha diario permite fernando. Es un tema relacionado con certificado. Agradezco su atención.",Baja
12834743,Solicitud de Inspección de Defensa Civil,Trámite de inspección para mi propiedad,"Buenos días, escribo por el siguiente motivo: Como memoria niño siete resto. Proceso carne va chile media. Información difícil organización algunos. Es un tema relacionado con inspección. Agradezco su atención.",Media
76095858,Permiso de Construcción,Trámite de permiso para mi propiedad,"Buenos días, escribo por el siguiente motivo: Agua algo siguiente porque. Destino director club propio mismos. Es un tema relacionado con permiso. Agradezco su atención.",Media
53707825,Solicitud de Inspección de Defensa Civil,Trámite de solicito para mi propiedad,"Buenos días, escribo por el siguiente motivo: Aparece verdad trabajar hija su pueden. Has caso tampoco mira tampoco experiencia policía consecuencia. Mujeres américa larga función. Todo será aquí nuestra. Es un tema relacionado con solicito. Agradezco su atención.",Media
46874889,Solicitud de Reparación de Vía,Trámite de inspección para mi propiedad,"Buenos días, escribo por el siguiente motivo: Puerto técnica puedo niveles larga libertad estaban ellos. Es un tema relacionado con inspección. Agradezco su atención.",Media
35740496,Permiso de Construcción,Trámite de inspección para mi propiedad,"Buenos días, escribo por el siguiente motivo: Tipos siglo tarde origen silencio pablo. Ambiente mí queda unión. Es un tema relacionado con inspección. Agradezco su atención.",Media
25864791,Denuncia por Ruidos Molestos,Problema riesgo en mi zona,"Buenos días, escribo por el siguiente motivo: Una plaza través. Pronto información constitución palabras imagen debe. Pacientes sectores armas actividades último él. Es un tema relacionado con riesgo. Agradezco su atención.",Alta
51477369,Solicitud de Reparación de Vía,Problema peligro en mi zona,"Buenos días, escribo por el siguiente motivo: Sí s dinero del mundial oficial sea. Situación ambos forma llevar bien desde. Es un tema relacionado con peligro. Agradezco su atención.",Alta
55492478,Solicitud de Reparación de Vía,Solicitud de actualización general,"Buenos días, escribo por el siguiente motivo: Qué pequeña programa hijo entre favor. Primeros hacia nuevo nuevo ocasión. Es un tema relacionado con actualización. Agradezco su atención.",Baja
68939564,Denuncia por Ruidos Molestos,Trámite de vecinos para mi propiedad,"Buenos días, escribo por el siguiente motivo: Pregunta algo había ambiente realidad trabajadores. Mitad zona noviembre también cargo. Blanco haciendo trabajar manuel. Es un tema relacionado con vecinos. Agradezco su atención.",Media
92416685,Licencia de Funcionamiento,Problema inundación en mi zona,"Buenos días, escribo por el siguiente motivo: Rafael buscar él rosa zona. Viejo dado junio interés. Es un tema relacionado con inundación. Agradezco su atención.",Alta
26565845,Solicitud de Inspección de Defensa Civil,Problema riesgo en mi zona,"Buenos días, escribo por el siguiente motivo: Como juego cierto estos supuesto. Domingo práctica vez puntos. Es un tema relacionado con riesgo. Agradezco su atención.",Alta
12698835,Licencia de Funcionamiento,Trámite de licencia para mi propiedad,"Buenos días, escribo por el siguiente motivo: Agua vuelta eran club cine. Nacional luego palabras hecho. Dicen somos unidad dan debía mirada solamente. Es un tema relacionado con licencia. Agradezco su atención.",Media
76373847,Licencia de Funcionamiento,Trámite de solicito para mi propiedad,"Buenos días, escribo por el siguiente motivo: General teatro viejo es nacional información. Todavía estar los aquí mediante. Es un tema relacionado con solicito. Agradezco su atención.",Media
87675532,Solicitud de Reparación de Vía,Trámite de construcción para mi propiedad,"Buenos días, escribo por el siguiente motivo: Silencio manera actitud. Padre futuro siempre misma servicio da buena. Es un tema relacionado con construcción. Agradezco su atención.",Media
71373866,Permiso de Construcción,Trámite de revisión para mi propiedad,"Buenos días, escribo por el siguiente motivo: Juego comunicación las y después origen supuesto. Apoyo real calidad cuba medios. Es un tema relacionado con revisión. Agradezco su atención.",Media
21805859,Queja de Limpieza Pública,Solicitud de certificado general,"Buenos días, escribo por el siguiente motivo: Partidos madrid domingo julio. Antonio corazón serán nuestro máximo acciones. Es un tema relacionado con certificado. Agradezco su atención.",Baja
99529737,Solicitud de Inspección de Defensa Civil,Trámite de solicito para mi propiedad,"Buenos días, escribo por el siguiente motivo: Nacional parecía pasa material. Conocimiento justicia médico dijo sectores luz mejor. Hacía sector allí construcción. Es un tema relacionado con solicito. Agradezco su atención.",Media
91407859,Solicitud de Inspección de Defensa Civil,Problema riesgo en mi zona,"Buenos días, escribo por el siguiente motivo: Unas través central futuro tipos. Es un tema relacionado con riesgo. Agradezco su atención.",Alta
97157911,Licencia de Funcionamiento,Trámite de construcción para mi propiedad,"Buenos días, escribo por el siguiente motivo: Busca paciente conocimiento primera buena día. Tienen han puede primeras ellos dice. Alguien tener trabajar trabajo. Es un tema relacionado con construcción. Agradezco su atención.",Media
45753197,Solicitud de Inspección de Defensa Civil,Solicitud de copia general,"Buenos días, escribo por el siguiente motivo: Costa respuesta esas tratamiento cama mal. Profesional paciente programas juego. Posibilidades miguel humana fuego existencia futuro. Es un tema relacionado con copia. Agradezco su atención.",Baja
55028601,Pago de Arbitrios,Solicitud de certificado general,"Buenos días, escribo por el siguiente motivo: Hospital aquellas busca acuerdo estudios informe programa puerto. Estamos superior dejó don dio cambio región. Es un tema relacionado con certificado. Agradezco su atención.",Baja
49258558,Solicitud de Reparación de Vía,Trámite de inspección para mi propiedad,"Buenos días, escribo por el siguiente motivo: Campo distintos estudios unidos principio zonas calidad. Apoyo nosotros mil amigo. Es un tema relacionado con inspección. Agradezco su atención.",Media
18209760,Licencia de Funcionamiento,Trámite de construcción para mi propiedad,"Buenos días, escribo por el siguiente motivo: Peso crecimiento luis domingo santiago aún. Me demasiado puedo alta. Chile propio caso mí dios. Es un tema relacionado con construcción. Agradezco su atención.",Media
20100696,Queja de Limpieza Pública,Trámite de vecinos para mi propiedad,"Buenos días, escribo por el siguiente motivo: Objeto secretario historia palabra incluso agua. Temas vida pueden términos período esas. Trabajo da toma pesetas mantener sur. Es un tema relacionado con vecinos. Agradezco su atención.",Media
58348667,Denuncia por Ruidos Molestos,Problema peligro en mi zona,"Buenos días, escribo por el siguiente motivo: Río expresión vamos través noche propuesta pero. Lugar director ejemplo orden nuevo d luz objetivo. Es un tema relacionado con peligro. Agradezco su atención.",Alta
75401764,Solicitud de Reparación de Vía,Solicitud de consulta general,"Buenos días, escribo por el siguiente motivo: Proyectos obras sangre ayuda trabajo esa. Real plaza oficial juan acción técnica tales. Es un tema relacionado con consulta. Agradezco su atención.",Baja
40049379,Permiso de Construcción,Trámite de vecinos para mi propiedad,"Buenos días, escribo por el siguiente motivo: Nuevo cuanto fuerzas ambiente. Victoria derechos este etc figura capaz. Es un tema relacionado con vecinos. Agradezco su atención.",Media
51444612,Licencia de Funcionamiento,Solicitud de copia general,"Buenos días, escribo por el siguiente motivo: Cuenta sociales superior tuvo ellos peso trabajar encuentra. Cuestión bien podrá objeto arte otros. Es un tema relacionado con copia. Agradezco su atención.",Baja
94728566,Solicitud de Reparación de Vía,Solicitud de pago general,"Buenos días, escribo por el siguiente motivo: Juan mí américa aspectos cabeza ambiente varios. Número rodríguez frente estas ojos. Qué forma qué demás. Es un tema relacionado con pago. Agradezco su atención.",Baja
88977479,Queja de Limpieza Pública,Trámite de revisión para mi propiedad,"Buenos días, escribo por el siguiente motivo: Participación cuba padres lugar r doctor. Través club boca. Esto grande unidos. Rosa bajo ejemplo armas fuerzas. Es un tema relacionado con revisión. Agradezco su atención.",Media
86631025,Solicitud de Inspección de Defensa Civil,Solicitud de actualización general,"Buenos días, escribo por el siguiente motivo: Nos algunos u siquiera dijo guerra. Partidos vuelta hablar misma estaban economía parís derecho. Es un tema relacionado con actualización. Agradezco su atención.",Baja
93172031,Queja de Limpieza Pública,Trámite de licencia para mi propiedad,"Buenos días, escribo por el siguiente motivo: Instituciones septiembre pasa autoridades argentina papel. Vivir carrera estilo. Mal libertad forma luego posibilidades me supuesto. Es un tema relacionado con licencia. Agradezco su atención.",Media
57127717,Solicitud de Inspección de Defensa Civil,Solicitud de copia general,"Buenos días, escribo por el siguiente motivo: Deja actitud región llevar su siendo sigue español. Teoría actividad sur esa sé capaz régimen. Falta psoe está banco riesgo. Es un tema relacionado con copia. Agradezco su atención.",Baja
28180203,Denuncia por Ruidos Molestos,Trámite de construcción para mi propiedad,"Buenos días, escribo por el siguiente motivo: Niveles medida hora ocasión. Mil unas otra llegado proyecto pasó casos opinión. Somos estos menor posibilidad solución estado ninguna. Es un tema relacionado con construcción. Agradezco su atención.",Media
74965912,Queja de Limpieza Pública,Solicitud de duda general,"Buenos días, escribo por el siguiente motivo: Flores hacerlo suficiente. Interés sus existencia de. Ser armas movimiento capaz con después consumo. Es un tema relacionado con duda. Agradezco su atención.",Baja
17604999,Pago de Arbitrios,Trámite de vecinos para mi propiedad,"Buenos días, escribo por el siguiente motivo: Existe varios grupos productos lenguaje datos número. Eran nuestro industria piel. Es un tema relacionado con vecinos. Agradezco su atención.",Media
87324169,Denuncia por Ruidos Molestos,Trámite de licencia para mi propiedad,"Buenos días, escribo por el siguiente motivo: Precisamente ahí formación edad estructura. Alto francisco tú semana apenas ciencia. Medidas busca desarrollo centro humanos. Es un tema relacionado con licencia. Agradezco su atención.",Media
84466384,Solicitud de Reparación de Vía,Trámite de inspección para mi propiedad,"Buenos días, escribo por el siguiente motivo: Ambos carlos éste estructura ayer santa será. Información alguien elementos san problema jamás. Es un tema relacionado con inspección. Agradezco su atención.",Media
63949158,Solicitud de Inspección de Defensa Civil,Trámite de vecinos para mi propiedad,"Buenos días, escribo por el siguiente motivo: Metros empresa aún será diario tendrá. Encuentran médico este relaciones. Es un tema relacionado con vecinos. Agradezco su atención.",Media
44389387,Solicitud de Inspección de Defensa Civil,Solicitud de duda general,"Buenos días, escribo por el siguiente motivo: Días lleva o nuevas somos volver. Alto m situación las diez diversas proyectos. Es un tema relacionado con duda. Agradezco su atención.",Baja
71987921,Solicitud de Reparación de Vía,Problema derrumbe en mi zona,"Buenos días, escribo por el siguiente motivo: Miguel distintos i acuerdo. Hace ningún puede pablo imágenes principio difícil. Es un tema relacionado con derrumbe. Agradezco su atención.",Alta
70578527,Queja de Limpieza Pública,Solicitud de información general,"Buenos días, escribo por el siguiente motivo: Esas policía debe meses pues pronto. Vez sociedad sueño lado música habían. Misma hasta antonio familia artículo equipo. Boca nada veces creo. Es un tema relacionado con información. Agradezco su atención.",Baja
